-- BATHTUBS --,Description,Finish,Model #,List Price,Vendor,Mult.,Specs,Images,ImageFormula,RETURN TO TABLE OF CONTENTS
Bain Ultra Charism 66x36x24 (Acrylic / Freestanding Oval / Center),"Charism acrylic freestanding oval tub | Nominal Size:  64"" x 36"" x 24"" | Bathing Well: 41 3/4"" x 23 5/8"" x 16"" (51 gallon capacity); Includes Geysair® Hydro-Thermo Massage, wall-mount control, and heated backrest; Requires integrated waste & overflow (BOVERINI-XX) and template (90000067)",White,BCH3OF00T-01,"$8,395.00",Robinson,0.65,https://www.bainultra.com/bath-collections/charism-collection/charism-6436,,"=IMAGE(""https://bainultra.com/sites/default/files/2018-01/Charism-6436.jpg"",4,175,175)",
Bain Ultra Esthesia 66x36x25 (Acrylic / Freestanding Oval / Center),"Esthesia acrylic freestanding oval tub | Nominal Size:   64"" x 36"" x 25"" | Bathing Well: 47 3/8"" x 23"" x 15 7/8"" (59 gallon capacity); Includes Geysair® Hydro-Thermo Massage, wall-mount control, and heated backrest; Requires integrated waste & overflow (BOVERINI-XX) and template (90000066)",White,BEA3RF00T-01,"$7,125.00",Robinson,0.65,https://www.bainultra.com/bath-collections/esthesia-collection/esthesia-6436,,"=IMAGE(""https://bainultra.com/sites/default/files/2018-01/Esthesia-6436-freestanding.jpg"",4,150,150)",
"Bain Ultra Sanos 66x36x24, Flat Deck (Acrylic / Freestanding Oval / Center)","Sanos acrylic freestanding oval tub with flat deck | Nominal Size:  66"" x 36"" x 24"" | Bathing Well: 42 3/8"" x 22 1/4"" x 14 7/8"" (48 gallon capacity); Includes Geysair® Hydro-Thermo Massage, wall-mount control, and heated backrest; Requires separate waste & overflow (BOVERD13-XX)",White,BBSLOFN0T-01,"$7,175.00",Robinson,0.65,https://www.bainultra.com/bath-collections/balneo-collection/sanos-6636#show,,"=IMAGE(""https://bainultra.com/sites/default/files/2018-01/Balneo-sanos-6636-flat-deck.jpg"",4,175,175)",
"Bain Ultra Sanos 66x36x24, Rolled Deck (Acrylic / Freestanding Oval / Center)","Sanos acrylic freestanding oval tub with flat deck | Nominal Size: 66"" x 36"" x 24"" | Bathing Well: 42 3/8"" x 22 1/4"" x 14 7/8"" (48 gallon capacity); Includes Geysair® Hydro-Thermo Massage, wall-mount control, and heated backrest; Requires separate waste & overflow (BOVERD13-XX)",White,BBSLOFP0T-01,"$7,175.00",Robinson,0.65,https://www.bainultra.com/bath-collections/balneo-collection/sanos-6636#show,,"=IMAGE(""https://bainultra.com/sites/default/files/2018-01/Balneo-sanos-6636-flat-deck.jpg"",4,175,175)",
Bain Ultra Scala 66x38x25 (Acrylic / Freestanding Oval / Center / BLK Feet),"Scala acrylic freestanding oval tub with MATTE BLACK feet | Nominal Size:  66"" x 38"" x 25"" | Bathing Well: 44 1/2"" x 23 1/8"" x 17 1/2"" (62 gallon capacity); Includes Geysair® Hydro-Thermo Massage, wall-mount control, and heated backrest; Requires integrated waste & overflow (BOVERINI-XX) and template (90000077)",White with Matte Black Feet,"BSCMOF00T-01 (Tub), BFEETSC-19 (Feet, Specify Finish)",#N/A,Robinson,0.65,https://www.bainultra.com/bath-collections/scala-collection/scala-6638,,"=IMAGE(""https://bainultra.com/sites/default/files/2018-12/scal_6638_freestanding_low_0.jpg"",4,175,175)",
Bain Ultra Scala 66x38x25 (Acrylic / Freestanding Oval / Center / BSN Feet),"Scala acrylic freestanding oval tub with BRUSHED NICKEL feet | Nominal Size:  66"" x 38"" x 25"" | Bathing Well: 44 1/2"" x 23 1/8"" x 17 1/2"" (62 gallon capacity); Includes Geysair® Hydro-Thermo Massage, wall-mount control, and heated backrest; Requires integrated waste & overflow (BOVERINI-XX) and template (90000077)",White with Brushed Nickel Feet,"BSCMOF00T-01 (Tub), BFEETSC-09 (Feet, Specify Finish)","$7,450.00",Robinson,0.65,https://www.bainultra.com/bath-collections/scala-collection/scala-6638,,"=IMAGE(""https://bainultra.com/sites/default/files/2018-12/scal_6638_freestanding_low_0.jpg"",4,175,175)",
Bain Ultra Scala 66x38x25 (Acrylic / Freestanding Oval / Center / CHR Feet),"Scala acrylic freestanding oval tub with CHROME feet | Nominal Size:  66"" x 38"" x 25"" | Bathing Well: 44 1/2"" x 23 1/8"" x 17 1/2"" (62 gallon capacity); Includes Geysair® Hydro-Thermo Massage, wall-mount control, and heated backrest; Requires integrated waste & overflow (BOVERINI-XX) and template (90000077)",White with Chrome Feet,"BSCMOF00T-01 (Tub), BFEETSC-07 (Feet, Specify Finish)","$7,450.00",Robinson,0.65,https://www.bainultra.com/bath-collections/scala-collection/scala-6638,,"=IMAGE(""https://bainultra.com/sites/default/files/2018-12/scal_6638_freestanding_low_0.jpg"",4,175,175)",
Bain Ultra Scala 66x38x25 (Acrylic / Freestanding Oval / Center / GOLD Feet),"Scala acrylic freestanding oval tub with SATIN BRASS feet | Nominal Size:  66"" x 38"" x 25"" | Bathing Well: 44 1/2"" x 23 1/8"" x 17 1/2"" (62 gallon capacity); Includes Geysair® Hydro-Thermo Massage, wall-mount control, and heated backrest; Requires integrated waste & overflow (BOVERINI-XX) and template (90000077)",White with Satin Brass Feet,"BSCMOF00T-01 (Tub), BFEETSC-18 (Feet, Specify Finish)",#N/A,Robinson,0.65,https://www.bainultra.com/bath-collections/scala-collection/scala-6638,,"=IMAGE(""https://bainultra.com/sites/default/files/2018-12/scal_6638_freestanding_low_0.jpg"",4,175,175)",
Bain Ultra Scala 66x38x25 (Acrylic / Freestanding Oval / Center / PN Feet),"Scala acrylic freestanding oval tub with POLISHED NICKEL feet | Nominal Size:  66"" x 38"" x 25"" | Bathing Well: 44 1/2"" x 23 1/8"" x 17 1/2"" (62 gallon capacity); Includes Geysair® Hydro-Thermo Massage, wall-mount control, and heated backrest; Requires integrated waste & overflow (BOVERINI-XX) and template (90000077)",White with Polished Nickel Feet,"BSCMOF00T-01 (Tub), BFEETSC-10 (Feet, Specify Finish)","$7,450.00",Robinson,0.65,https://www.bainultra.com/bath-collections/scala-collection/scala-6638,,"=IMAGE(""https://bainultra.com/sites/default/files/2018-12/scal_6638_freestanding_low_0.jpg"",4,175,175)",
Bain Ultra Origami 72x36x22 ( Drop In / Alcove / Undermount / Center),,White,BOOVR120N-01,"$1,776.00",Granite Group,,https://bainultra.com/bath-collections/origami-collection/origami-7236-original-series,,"=IMAGE(""https://images.webfronts.com/cache/frosnckawxjq.jpg?imgeng=/w_300"",1)",
Fleurco Alto Petite 58x31x22 (Acrylic / Freestanding Oval / Center),"Alto Petite acrylic freestanding oval tub with deck space for faucet installation
- Nominal Size: 58"" x 31"" x 22""
- Bathing Well: 38 3/8"" x 18 7/8"" x 14 3/4""
- 62 gallon capacity
- Requires separate drain (DRAINRC-T-PVC)",White,BAL5831-18,"$3,108.00",Boston Basins,0.55,https://fleurco.com/bathtubs/alto-petite,,"=IMAGE(""https://fleurco.com/cms/controller/services/Thumbnail.ashx?width=600&fileName=/media/website_bathtubs.photo/aria_alto_petite.jpg"",1)",
Fleurco Concerto Grande 66x31x30 (Acrylic / Freestanding Oval),"Concerto Grande acrylic freestanding oval tub with deck space for faucet installation
- Nominal Size:  66 7/8"" x 31 1/2"" x 30 5/8""
- Bathing Well: 45 3/4"" x 21 7/8"" x 14""
- 63 gallon capacity
- Requires separate drain (DRAINRC-T-PVC)",White,BZCO6731-18,"$2,624.00",Boston Basins,0.55,https://fleurco.com/bathtubs/concerto-grande,,"=IMAGE(""https://fleurco.com/cms/controller/services/Thumbnail.ashx?width=200&fileName=/media/website_bathtubs.photo/opus_concerto_bzco6731.jpg"",1)",
Fleurco Libretto Petite 59x31x22 (Acrylic / Freestanding Oval / Center),"Libretto Petite acrylic freestanding oval tub with deck space for faucet installation | Nominal Size: 59"" x 31"" x 22"" | Bathing Well: 39 3/8"" x 18 7/8"" x 14 1/8"" (54 gallon capacity); Requires separate drain (DRAINRC-T-PVC)",White,BZLI5931-18,"$2,282.00",Boston Basins,0.55,https://fleurco.com/bathtubs/libretto-petite,,"=IMAGE(""https://fleurco.com/cms/controller/services/Thumbnail.ashx?width=600&fileName=/media/website_bathtubs.photo/opus_libretto_5931-letter.jpg"",1)",
Fleurco Motif 60x32 (Acrylic / Alcove / LH),"Motif acrylic alcove bath with integral apron, integral flange
- Left-hand drain
- Nominal Size:  60"" x 32"" x 21""
- Bathing Well: 48 1/2"" x 24 5/8"" x 13 5/8""
- 69 gallon capacity
- Requires  SlideOn™ drain (DRNSLIDE-X-PVC)",White,"BZMO6032L-18","$1,577.00",Boston Basins,0.55,https://fleurco.com/bathtubs/motif-6032,,"=IMAGE(""https://fleurco.com/cms/controller/services/Thumbnail.ashx?width=200&fileName=/media/website_bathtubs.photo/opus_motif.jpg"",1)",
Fleurco Motif 60x32 (Acrylic / Alcove / RH),"Motif acrylic alcove bath with integral apron, integral flange
- Right-hand drain
- Nominal Size:  60"" x 32"" x 21""
- Bathing Well: 48 1/2"" x 24 5/8"" x 13 5/8""
- 69 gallon capacity
- Requires  SlideOn™ drain (DRNSLIDE-X-PVC)",White,"BZMO6032R-18
","$1,577.00",Boston Basins,0.55,https://fleurco.com/bathtubs/motif-6032,,"=IMAGE(""https://fleurco.com/cms/controller/services/Thumbnail.ashx?width=200&fileName=/media/website_bathtubs.photo/opus_motif.jpg"",1)",
Fleurco Waltz Petite 59x31x18 (Acrylic / Freestanding Rectangular / Center),"Libretto Waltz acrylic freestanding rectangular tub with deck space for faucet installation | Nominal Size:  59"" x 31"" x 18"" | Bathing Well: 43 3/8"" x 18 3/4"" x 14 1/8"" (60 gallon capacity); Requires separate drain (DRAINRC-T-PVC)",White,BZWA5931-18,"$2,457.90",Boston Basins,0.55,https://fleurco.com/bathtubs/waltz-petite,,"=IMAGE(""https://fleurco.com/cms/controller/services/Thumbnail.ashx?width=600&fileName=/media/website_bathtubs.photo/opus_walts_5931_bleed-letter.jpg"",1)",
Kohler Archer 60x30x19 (Acrylic / Alcove / LH),"Archer acrylic alcove bath with integral apron, integral flange
- Left-hand drain
- Nominal Size:  60"" x 30"" x 19""
- Bathing Well: 45 1/8"" x 19 11/16 x 15 1/8""
- 57 gallon capacity)
- Requires ClearFlo drain (K-7272)",White,K-1946-LA-0,$949.35,Granite Group,0.6,https://www.us.kohler.com/us/archer-60-x-30-alcove-bath-w-integral-apron-integral-flange-and-left-hand-drain/productDetail/bathing/931163.htm?skuId=930924&brandId=1159437,,"=IMAGE(""https://kohler.scene7.com/is/image/PAWEB/Category_Template?$PDPcon$&$gradient_src=PAWEB%2Forganic-gradient&$shadow_src=PAWEB%2FBlank&$Badge1_src=PAWEB%2FBlank&$Badge4_src=PAWEB%2FBlank&$Badge3_src=PAWEB%2FBlank&$Badge2_src=PAWEB%2FBlank&$product_src=is{PAWEB%2Fzac32872_rgb}"",1)",
Kohler Archer 60x30x19 (Acrylic / Alcove / RH),"Archer acrylic alcove bath with integral apron, integral flange
- Right-hand drain
- Nominal Size:  60"" x 30"" x 19""
- Bathing Well: 45 1/8"" x 19 11/16 x 15 1/8""
- 57 gallon capacity)
- Requires ClearFlo drain (K-7272)",White,K-1946-RA-0,$949.35,Granite Group,0.6,https://www.us.kohler.com/us/archer-60-x-30-alcove-bath-w-integral-apron-integral-flange-and-right-hand-drain/productDetail/bathing/931164.htm,,"=IMAGE(""https://kohler.scene7.com/is/image/PAWEB/Category_Template?$PDPcon$&$gradient_src=PAWEB%2Forganic-gradient&$shadow_src=PAWEB%2FBlank&$Badge1_src=PAWEB%2FBlank&$Badge4_src=PAWEB%2FBlank&$Badge3_src=PAWEB%2FBlank&$Badge2_src=PAWEB%2FBlank&$product_src=is{PAWEB%2Fzac32874_rgb}"",1)",
"Kohler Archer 60x30x19, No Apron (Acrylic / Alcove / LH)","Archer acrylic alcove bath with integral flange and left-hand drain | Nominal Size:  60"" x 30"" x 19"" | Bathing Well: 45 1/8"" x 19 11/16 x 15 1/8"" (57 gallon capacity); Requires ClearFlo drain (K-7272)",White,K-1946-L-0,$804.50,Granite Group,0.6,https://www.us.kohler.com/us/archer-60-x-30-alcove-bath-with-integral-flange-and-left-hand-drain/productDetail/bathing/922327.htm,,"=IMAGE(""https://kohler.scene7.com/is/image/PAWEB/Category_Template?$PDPcon$&$gradient_src=PAWEB%2Forganic-gradient&$shadow_src=PAWEB%2FBlank&$Badge1_src=PAWEB%2FBlank&$Badge4_src=PAWEB%2FBlank&$Badge3_src=PAWEB%2FBlank&$Badge2_src=PAWEB%2FBlank&$product_src=is{PAWEB%2Fzab28743_rgb}"",1)",
"Kohler Archer 60x30x19, No Apron (Acrylic / Alcove / RH)","Archer acrylic alcove bath with integral flange, less apron
- Right-hand drain
- Nominal Size:  60"" x 30"" x 19""
- Bathing Well: 45 1/8"" x 19 11/16 x 15 1/8""
- 57 gallon capacity)
- Requires ClearFlo drain (K-7272)",White,K-1946-R-0,$828.80,Granite Group,0.6,https://www.us.kohler.com/us/archer-60-x-30-alcove-bath-with-integral-flange-and-right-hand-drain/productDetail/bathing/922328.htm,,"=IMAGE(""https://kohler.scene7.com/is/image/PAWEB/Category_Template?$PDPcon$&$gradient_src=PAWEB%2Forganic-gradient&$shadow_src=PAWEB%2FBlank&$Badge1_src=PAWEB%2FBlank&$Badge4_src=PAWEB%2FBlank&$Badge3_src=PAWEB%2FBlank&$Badge2_src=PAWEB%2FBlank&$product_src=is{PAWEB%2Fzab28747_rgb}"",1)",
Kohler Archer 60x32x19 (Acrylic / Alcove / RH),"Archer® acrylic alcove bath with integral apron, integral flange
- Right-hand drain
- Nominal Size: 60"" x 32"" x 19""
- Bathing Well: 45 1/8"" x 19 11/16"" x 15""
- 58 gallon capacity
- Requires ClearFlo drain (K-7272)
- Therapy options available",White,K-1123-RA-0,"$1,097.80",Granite Group,0.6,https://www.us.kohler.com/us/archer-60-x-32-alcove-bath-w-integral-apron-integral-flange-and-right-hand-drain/productDetail/bathing/425547.htm?skuId=394494&brandId=empty&,,"=IMAGE(""https://kohler.scene7.com/is/image/PAWEB/Category_Template?$PDPcon$&$gradient_src=PAWEB%2Forganic-gradient&$shadow_src=PAWEB%2FBlank&$Badge1_src=PAWEB%2FBlank&$Badge4_src=PAWEB%2FBlank&$Badge3_src=PAWEB%2FBlank&$Badge2_src=PAWEB%2FBlank&$product_src=is{PAWEB%2Fzac32866_rgb}"",1)",
Kohler Archer 60x32x19 (Acrylic / Alcove / LH),"Archer® acrylic alcove bath with integral apron, integral flange
- Left-hand drain
- Nominal Size: 60"" x 32"" x 19""
- Bathing Well: 45 1/8"" x 19 11/16"" x 15""
- 58 gallon capacity
- Requires ClearFlo drain (K-7272)
- Therapy options available",White,"K-1123-LA-0
","$1,097.80",Granite Group,0.6,https://www.us.kohler.com/us/archer-60-x-32-alcove-bath-with-integral-apron-integral-flange-and-left-hand-drain/productDetail/bathing/425546.htm,,"=IMAGE(""https://kohler.scene7.com/is/image/PAWEB/Category_Template?$PDPcon$&$gradient_src=PAWEB%2Forganic-gradient&$shadow_src=PAWEB%2FBlank&$Badge1_src=PAWEB%2FBlank&$Badge4_src=PAWEB%2FBlank&$Badge3_src=PAWEB%2FBlank&$Badge2_src=PAWEB%2FBlank&$product_src=is{PAWEB%2Fzac32864_rgb}"",1)",
Kohler Archer 60x32x19 (Acrylic / Alcove / RH) (BISCUIT),"Archer® acrylic alcove bath with integral apron, integral flange
- Right-hand drain
- Nominal Size: 60"" x 32"" x 19""
- Bathing Well: 45 1/8"" x 19 11/16"" x 15""
- 58 gallon capacity
- Requires ClearFlo drain (K-7272)
- Therapy options available",Biscuit,K-1123-RA-96,"$1,097.80",Granite Group,0.6,https://www.us.kohler.com/us/archer-60-x-32-alcove-bath-w-integral-apron-integral-flange-and-right-hand-drain/productDetail/bathing/425547.htm?skuId=394501&brandId=empty&=undefined,,"=IMAGE(""https://kohler.scene7.com/is/image/PAWEB/Category_Template?$PDPcon$&$gradient_src=PAWEB%2Forganic-gradient&$shadow_src=PAWEB%2FBlank&$Badge1_src=PAWEB%2FBlank&$Badge4_src=PAWEB%2FBlank&$Badge3_src=PAWEB%2FBlank&$Badge2_src=PAWEB%2FBlank&$product_src=is{PAWEB%2Fzac32892_rgb}&fmt"",1)",
Kohler Archer 60x32x19 (Acrylic / Alcove / LH) (BISCUIT),"Archer® acrylic alcove bath with integral apron, integral flange
- Left-hand drain
- Nominal Size: 60"" x 32"" x 19""
- Bathing Well: 45 1/8"" x 19 11/16"" x 15""
- 58 gallon capacity
- Requires ClearFlo drain (K-7272)
- Therapy options available",Biscuit,K-1123-LA-96,"$1,097.80",Granite Group,0.6,https://www.us.kohler.com/us/archer-60-x-32-alcove-bath-with-integral-apron-integral-flange-and-left-hand-drain/productDetail/bathing/425546.htm?skuId=394480,,"=IMAGE(""https://kohler.scene7.com/is/image/PAWEB/Category_Template?$PDPcon$&$gradient_src=PAWEB%2Forganic-gradient&$shadow_src=PAWEB%2FBlank&$Badge1_src=PAWEB%2FBlank&$Badge4_src=PAWEB%2FBlank&$Badge3_src=PAWEB%2FBlank&$Badge2_src=PAWEB%2FBlank&$product_src=is{PAWEB%2Fzac32884_rgb}&fmt"",1)",
Kohler Archer 66x32x19 (Acrylic / Alcove / LH),"Archer acrylic alcove bath with integral apron, integral flange and left-hand drain | Nominal Size: 60"" x 32"" x 19"" | Bathing Well: 45 1/8"" x 19 11/16"" x 15"" (58 gallon capacity); Requires ClearFlo drain (K-7272)",White,K-1948-LA-0,"$1,297.45",Granite Group,0.6,https://www.us.kohler.com/us/archer-66-x-32-three-side-integral-flange-bath-w-left-hand-drain/productDetail/bathing/931171.htm?skuId=931012&brandId=1159437,,"=IMAGE(""https://kohler.scene7.com/is/image/PAWEB/Category_Template?$PDPcon$&$gradient_src=PAWEB%2Forganic-gradient&$shadow_src=PAWEB%2FBlank&$Badge1_src=PAWEB%2FBlank&$Badge4_src=PAWEB%2FBlank&$Badge3_src=PAWEB%2FBlank&$Badge2_src=PAWEB%2FBlank&$product_src=is{PAWEB%2Fzac32876_rgb}"",1)",
Kohler Archer 66x32x19 (Acrylic / Alcove / LH),"Archer acrylic alcove bath with integral flange and left-hand drain | Nominal Size: 66"" x 32"" x 19"" | Bathing Well: 50 3/8"" x 19 5/8"" x 15 5/16"" (66 gallon capacity); Requires ClearFlo drain (K-7272)",White,K-1948-LA-0,"$1,297.45",Granite Group,0.6,https://www.us.kohler.com/us/archer-exocrylic-66-x-32-three-side-integral-flange-bath-with-left-hand-drain/productDetail/bathing/931171.htm,,"=IMAGE(""https://kohler.scene7.com/is/image/PAWEB/Category_Template?$PDPcon$&$gradient_src=PAWEB%2Forganic-gradient&$shadow_src=PAWEB%2FBlank&$Badge1_src=PAWEB%2FBlank&$Badge4_src=PAWEB%2FBlank&$Badge3_src=PAWEB%2FBlank&$Badge2_src=PAWEB%2FBlank&$product_src=is{PAWEB%2Fzac32876_rgb}"",1)",
Kohler Archer 66x32x19 (Acrylic / Alcove / RH),"Archer acrylic alcove bath with integral flange and right-hand drain | Nominal Size: 66"" x 32"" x 19"" | Bathing Well: 50 3/8"" x 19 5/8"" x 15 5/16"" (66 gallon capacity); Requires ClearFlo drain (K-7272)",White,K-1948-RA-0,"$1,297.45",Granite Group,0.6,https://www.us.kohler.com/us/archer-66-x-32-three-side-integral-flange-bath-w-right-hand-drain/productDetail/bathing/931172.htm,,"=IMAGE(""https://kohler.scene7.com/is/image/PAWEB/Category_Template?$PDPcon$&$gradient_src=PAWEB%2Forganic-gradient&$shadow_src=PAWEB%2FBlank&$Badge1_src=PAWEB%2FBlank&$Badge4_src=PAWEB%2FBlank&$Badge3_src=PAWEB%2FBlank&$Badge2_src=PAWEB%2FBlank&$product_src=is{PAWEB%2Fzac32878_rgb}"",1)",
Kohler Archer 72x36x19 (Acrylic / Drop-In / End),"Archer® acrylic drop-in bath
- End drain
- Nominal Size: 72"" x 36"" x 19""
- Bathing Well: 51 3/8"" x 21"" x 15""
- 72 gallon capacity
- Requires slotted drain (K-7272)
- Therapy options available",White,K-1125,"$1,266.90",Granite Group,0.6,https://www.us.kohler.com/us/archer-72-x-36-drop-in-bath/productDetail/bathing/425557.htm?skuId=394621&brandId=1159437,,"=IMAGE(""https://kohler.scene7.com/is/image/PAWEB/Category_Template?$PDPcon$&$gradient_src=PAWEB%2Forganic-gradient&$shadow_src=PAWEB%2FBlank&$Badge1_src=PAWEB%2FBlank&$Badge4_src=PAWEB%2FBlank&$Badge3_src=PAWEB%2FBlank&$Badge2_src=PAWEB%2FBlank&$product_src=is{PAWEB%2Fzaa57365_rgb}"",1)",
Kohler Bellwether 60x30x14 (Cast Iron / Alcove / LH),"Bellwether® enameled cast iron alcove bath with integral apron, integral flange
- Left-hand drain
- Nominal Size: 60"" x 30"" x 14""
- Bathing Well: 48 3/4"" x 19 5/16"" x 9""
- 32.6 gallon capacity
- Requires cable drain (K-37386-NA)",White,K-837-0,$848.00,Granite Group,0.6,https://www.us.kohler.com/us/bellwether-60-x-30-alcove-bath-with-integral-apron-and-left-hand-drain/productDetail/bathing/429144.htm?skuId=415310&brandId=656446,,"=IMAGE(""https://kohler.scene7.com/is/image/PAWEB/Category_Template?$PDPcon$&$gradient_src=PAWEB%2Forganic-gradient&$shadow_src=PAWEB%2FBlank&$Badge1_src=PAWEB%2FBlank&$Badge4_src=PAWEB%2FBlank&$Badge3_src=PAWEB%2FBlank&$Badge2_src=PAWEB%2FBlank&$product_src=is{PAWEB%2Fzaa98489_rgb}"",1)",
Kohler Bellwether 60x30x14 (Cast Iron / Alcove / RH),"Bellwether® enameled cast iron alcove bath with integral apron, integral flange
- Right-hand drain
- Nominal Size: 60"" x 30"" x 14""
- Bathing Well: 48 3/4"" x 19 5/16"" x 9""
- 32.6 gallon capacity
- Requires cable drain (K-37386-NA)",White,K-838-0,$848.00,Granite Group,0.6,https://www.us.kohler.com/us/bellwether-60-x-30-alcove-bath-with-integral-apron-and-right-hand-drain/productDetail/bathing/429145.htm,,"=IMAGE(""https://kohler.scene7.com/is/image/PAWEB/Category_Template?$PDPcon$&$gradient_src=PAWEB%2Forganic-gradient&$shadow_src=PAWEB%2FBlank&$Badge1_src=PAWEB%2FBlank&$Badge4_src=PAWEB%2FBlank&$Badge3_src=PAWEB%2FBlank&$Badge2_src=PAWEB%2FBlank&$product_src=is{PAWEB%2Fzaa98506_rgb}"",1)",
Kohler Bellwether 60x32x15 (Cast Iron / Alcove / LH),"Bellwether® enameled cast iron alcove bath with integral apron, integral flange
- Left-hand drain
- Nominal Size: 60"" x 32"" x 15""
- Bathing Well: 43 7/8"" x 21"" x 11 5/16""
- 44 gallon capacity
- Requires cable drain (K-37383-NA)",White,"K-875-0","$1,135.40",Granite Group,0.6,https://www.us.kohler.com/us/bellwether-60-x-32-alcove-bath-with-integral-apron-and-left-hand-drain/productDetail/bathing/427014.htm,,"=IMAGE(""https://kohler.scene7.com/is/image/PAWEB/Category_Template?$PDPcon$&$gradient_src=PAWEB%2Forganic-gradient&$shadow_src=PAWEB%2FBlank&$Badge1_src=PAWEB%2FBlank&$Badge4_src=PAWEB%2FBlank&$Badge3_src=PAWEB%2FBlank&$Badge2_src=PAWEB%2FBlank&$product_src=is{PAWEB%2Fzaa70169_rgb}"",1)",
Kohler Bellwether 60x32x15 (Cast Iron / Alcove / RH),"Bellwether® enameled cast iron alcove bath with integral apron, integral flange
- Right-hand drain
- Nominal Size: 60"" x 32"" x 15""
- Bathing Well: 43 7/8"" x 21"" x 11 5/16""
- 44 gallon capacity
- Requires cable drain (K-37383-NA)",White,"K-876-0","$1,135.40",Granite Group,0.6,https://www.us.kohler.com/us/bellwether-60-x-32-alcove-bath-with-integral-apron-and-right-hand-drain/productDetail/bathing/427015.htm,,"=IMAGE(""https://kohler.scene7.com/is/image/PAWEB/Category_Template?$PDPcon$&$gradient_src=PAWEB%2Forganic-gradient&$shadow_src=PAWEB%2FBlank&$Badge1_src=PAWEB%2FBlank&$Badge4_src=PAWEB%2FBlank&$Badge3_src=PAWEB%2FBlank&$Badge2_src=PAWEB%2FBlank&$product_src=is{PAWEB%2Fzaa57530_rgb}"",1)",
Kohler Bellwether 66x32x17 (Cast Iron / Alcove / LH),"Bellwether® enameled cast iron alcove bath with integral apron, integral flange, and left-hand drain | Nominal Size: 66"" x 32"" x 17"" | Bathing Well: 50 3/4"" x 20 5/16"" x 11 11/16"" (49 gallon capacity); Requires PureFlo cable drain (K-37386-NA)",White,K-847-0,"$2,282.00",Granite Group,0.6,https://www.us.kohler.com/us/bellwether-66-x-32-alcove-bath-w-integral-apron-and-left-hand-drain/productDetail/bathing/866299.htm?skuId=866260&brandId=656446,,"=IMAGE(""https://kohler.scene7.com/is/image/PAWEB/Category_Template?$PDPcon$&$gradient_src=PAWEB%2Forganic-gradient&$shadow_src=PAWEB%2FBlank&$Badge1_src=PAWEB%2FBlank&$Badge4_src=PAWEB%2FBlank&$Badge3_src=PAWEB%2FBlank&$Badge2_src=PAWEB%2FBlank&$product_src=is{PAWEB%2Fzab20172_rgb}"",1)",
Kohler Bellwether 66x32x17 (Cast Iron / Alcove / RH),"Bellwether® enameled cast iron alcove bath with integral apron, integral flange, and right-hand drain | Nominal Size: 66"" x 32"" x 17"" | Bathing Well: 50 3/4"" x 20 5/16"" x 11 11/16"" (49 gallon capacity); Requires PureFlo cable drain (K-37386-NA)",White,K-848-0,"$2,282.00",Granite Group,0.6,https://www.us.kohler.com/us/bellwether-66-x-32-alcove-bath-w-integral-apron-and-right-hand-drain/productDetail/bathing/866301.htm,,"=IMAGE(""https://kohler.scene7.com/is/image/PAWEB/Category_Template?$PDPcon$&$gradient_src=PAWEB%2Forganic-gradient&$shadow_src=PAWEB%2FBlank&$Badge1_src=PAWEB%2FBlank&$Badge4_src=PAWEB%2FBlank&$Badge3_src=PAWEB%2FBlank&$Badge2_src=PAWEB%2FBlank&$product_src=is{PAWEB%2Fzab20174_rgb}"",1)",
Kohler Mariposa 60x36x20 (Acrylic / Alcove / LH),"Mariposa® acrylic alcove bath with integral apron, integral flange, and left-hand drain | Nominal Size: 60"" x 36"" x 20"" | Bathing Well: 46"" x 24"" x 14"" (63 gallon capacity); Requirs PureFlo drain (K-37383-NA)",White,K-1242-LA-0,"$1,264.90",Granite Group,0.6,https://www.us.kohler.com/us/mariposa-60-x-36-alcove-bath-with-integral-apron-integral-flange-and-left-hand-drain/productDetail/bathing/416183.htm?skuId=367290&brandId=656470,,"=IMAGE(""https://kohler.scene7.com/is/image/PAWEB/Category_Template?$PDPcon$&$gradient_src=PAWEB%2Forganic-gradient&$shadow_src=PAWEB%2FBlank&$Badge1_src=PAWEB%2FBlank&$Badge4_src=PAWEB%2FBlank&$Badge3_src=PAWEB%2FBlank&$Badge2_src=PAWEB%2FBlank&$product_src=is{PAWEB%2Fzaa71457_rgb}"",1)",
Kohler Mariposa 60x36x20 (Acrylic / Alcove / RH),"Mariposa® acrylic alcove bath with integral apron, integral flange, and right-hand drain | Nominal Size: 60"" x 36"" x 20"" | Bathing Well: 46"" x 24"" x 14"" (63 gallon capacity); Requirs PureFlo drain (K-37383-NA)",White,K-1242-RA-0,"$1,264.90",Granite Group,0.6,https://www.us.kohler.com/us/mariposa-60-x-36-alcove-bath-with-integral-apron-integral-flange-and-right-hand-drain/productDetail/bathing/416185.htm?skuId=367300&brandId=656470,,"=IMAGE(""https://kohler.scene7.com/is/image/PAWEB/Category_Template?$PDPcon$&$gradient_src=PAWEB%2Forganic-gradient&$shadow_src=PAWEB%2FBlank&$Badge1_src=PAWEB%2FBlank&$Badge4_src=PAWEB%2FBlank&$Badge3_src=PAWEB%2FBlank&$Badge2_src=PAWEB%2FBlank&$product_src=is{PAWEB%2Fzaa76226_rgb}"",1)",
Kohler Mariposa 66x36x20 (Acrylic / Alcove / LH),"Mariposa® acrylic alcove bath with integral apron, integral flange, and left-hand drain | Nominal Size: 66"" x 36"" x 20"" | Bathing Well: 48"" x 24"" x 14"" (67 gallon capacity); Requirs PureFlo drain (K-37383-NA)",White,K-1229-LA-0,"$1,304.40",Granite Group,0.6,https://www.us.kohler.com/us/mariposa-66-x-36-alcove-bath-w-integral-apron-and-left-hand-drain/productDetail/bathing/423834.htm?skuId=387495&brandId=656470,,"=IMAGE(""https://kohler.scene7.com/is/image/PAWEB/Category_Template?$PDPcon$&$gradient_src=PAWEB%2Forganic-gradient&$shadow_src=PAWEB%2FBlank&$Badge1_src=PAWEB%2FBlank&$Badge4_src=PAWEB%2FBlank&$Badge3_src=PAWEB%2FBlank&$Badge2_src=PAWEB%2FBlank&$product_src=is{PAWEB%2Fzaa58838_rgb}"",1)",
Kohler Mariposa 66x36x20 (Acrylic / Alcove / RH),"Mariposa® acrylic alcove bath with integral apron, integral flange, and right-hand drain | Nominal Size: 66"" x 36"" x 20"" | Bathing Well: 48"" x 24"" x 14"" (67 gallon capacity); Requirs PureFlo drain (K-37383-NA)",White,K-1229-RA-0,"$1,304.40",Granite Group,0.6,https://www.us.kohler.com/us/mariposa-66-x-36-alcove-bath-w-integral-apron-and-right-hand-drain/productDetail/bathing/423835.htm,,"=IMAGE(""https://kohler.scene7.com/is/image/PAWEB/Category_Template?$PDPcon$&$gradient_src=PAWEB%2Forganic-gradient&$shadow_src=PAWEB%2FBlank&$Badge1_src=PAWEB%2FBlank&$Badge4_src=PAWEB%2FBlank&$Badge3_src=PAWEB%2FBlank&$Badge2_src=PAWEB%2FBlank&$product_src=is{PAWEB%2Fzaa94360_rgb}"",1)",
Kohler Mariposa 72x36x20 (Acrylic / Drop-In / End),"Mariposa® acrylic drop-in bath
- End drain
- Nominal Size: 72"" x 36"" x 20""
- Bathing Well: 50"" x 24"" x 14""
- 72 gallon capacity
- Requires ClearFlo bath drain (K-7259)
- Therapy options available",White,K-1259-0,"$1,143.05",Granite Group,0.6,https://www.us.kohler.com/us/mariposa-72-x-36-drop-in-bath-with-reversible-drain/productDetail/bathing/416225.htm?skuId=355670&brandId=656470,,"=IMAGE(""https://kohler.scene7.com/is/image/PAWEB/Category_Template?$PDPcon$&$gradient_src=PAWEB%2Forganic-gradient&$shadow_src=PAWEB%2FBlank&$Badge1_src=PAWEB%2FBlank&$Badge4_src=PAWEB%2FBlank&$Badge3_src=PAWEB%2FBlank&$Badge2_src=PAWEB%2FBlank&$product_src=is{PAWEB%2Fzaa71506_rgb}"",1)",
Kohler Stargaze 72x36x25 (Acrylic / Freestanding / Centered),"Stargaze Acrylic freestanding tub 
- Center Drain
- Nominal Size: 72"" x 36"" x 25""
- Bathing Well: 50"" x 25 1/2"" x 17""
- 90 Gallon Capacity
- Requires K-7265 Brass Toe Tap Drain or K-37385 Rough in Cable Drain",White,K-6366,"$3,798.00",Granite Group,0.6,https://www.us.kohler.com/us/stargaze-72-x-36-freestanding-bath-with-straight-shroud-and-center-drain/productDetail/bathing/961643.htm?skuId=961623&brandId=964943,,"=IMAGE(""https://kohler.scene7.com/is/image/PAWEB/Category_Template?$PDPcon$&$gradient_src=PAWEB%2Forganic-gradient&$shadow_src=PAWEB%2FBlank&$Badge1_src=PAWEB%2FBlank&$Badge4_src=PAWEB%2FBlank&$Badge3_src=PAWEB%2FBlank&$Badge2_src=PAWEB%2FBlank&$product_src=is{PAWEB%2Fzab30804_rgb}&fmt"",1)",
Kohler Sunstruck 66x36x24 (Acrylic / Freestanding / Center),"Sunstruck® acrylic oval freestanding bath with straight shroud, center drain, and wide ledge for faucet installation | Nominal Size: 66"" x 36"" x 24"" | Bathing Well: 45 3/4"" 24 7/8"" 16"" (72.6 gallon capacity); Therapy systems available; Requires ClearFlo toe-tap drain (K-7265)",White,K-6368-0,"$3,551.40",Granite Group,0.6,https://www.us.kohler.com/us/sunstruck-66-x-36-oval-freestanding-bath-with-straight-shroud-and-center-drain/productDetail/bathing/961645.htm?skuId=961627&brandId=964942,,"=IMAGE(""https://kohler.scene7.com/is/image/PAWEB/Category_Template?$PDPcon$&$gradient_src=PAWEB%2Forganic-gradient&$shadow_src=PAWEB%2FBlank&$Badge1_src=PAWEB%2FBlank&$Badge4_src=PAWEB%2FBlank&$Badge3_src=PAWEB%2FBlank&$Badge2_src=PAWEB%2FBlank&$product_src=is{PAWEB%2Fzab30768_rgb}"",1)",
Kohler Underscore 60x30x20 (Acrylic / Alcove / LH),"Underscore® acrylic alcove bath with integral apron, integral flange, and left-hand drain | Nominal Size: 60"" x 30"" x 20"" | Bathing Well: 46 1/4"" x 22"" x 15 1/2"" (68 gallon capacity); Requires ClearFlo slotted drain (K-7272)",White,K-20201-LA-0,"$1,028.55",Granite Group,0.6,https://www.us.kohler.com/us/underscore-60-x-30-alcove-bath-w-integral-apron-integral-flange-and-left-hand-drain/productDetail/bathing/1302655.htm,,"=IMAGE(""https://kohler.scene7.com/is/image/PAWEB/Category_Template?$PDPcon$&$gradient_src=PAWEB%2Forganic-gradient&$shadow_src=PAWEB%2FBlank&$Badge1_src=PAWEB%2FBlank&$Badge4_src=PAWEB%2FBlank&$Badge3_src=PAWEB%2FBlank&$Badge2_src=PAWEB%2FBlank&$product_src=is{PAWEB%2Fzac10581_rgb}"",1)",
Kohler Underscore 60x30x20 (Acrylic / Alcove / RH),"Underscore® acrylic alcove bath with integral apron, integral flange, and right-hand drain | Nominal Size: 60"" x 30"" x 20"" | Bathing Well: 46 1/4"" x 22"" x 15 1/2"" (68 gallon capacity); Requires ClearFlo slotted drain (K-7272)",White,K-20201-RA-0,"$1,028.55",Granite Group,0.6,https://www.us.kohler.com/us/underscore-60-x-30-alcove-bath-w-integral-apron-integral-flange-and-right-hand-drain/productDetail/bathing/1302656.htm?skuId=1302577&brandId=656492,,"=IMAGE(""https://kohler.scene7.com/is/image/PAWEB/Category_Template?$PDPcon$&$gradient_src=PAWEB%2Forganic-gradient&$shadow_src=PAWEB%2FBlank&$Badge1_src=PAWEB%2FBlank&$Badge4_src=PAWEB%2FBlank&$Badge3_src=PAWEB%2FBlank&$Badge2_src=PAWEB%2FBlank&$product_src=is{PAWEB%2Fzac10585_rgb}"",1)",
Kohler Underscore 60x30x22 (Acrylic / Alcove / LH),"Underscore® acrylic alcove bath with integral apron, integral flange, and left-hand drain | Nominal Size: 60"" x 30"" x 22"" | Bathing Well: 46 1/4"" x 22"" x 15 1/2"" (68 gallon capacity); Requires ClearFlo slotted drain (K-7272)",White,K-1956-LA-0,"$1,028.55",Granite Group,0.6,https://www.us.kohler.com/us/underscore-60-x-30-alcove-bath-w-integral-apron-integral-flange-and-left-hand-drain/productDetail/bathing/1267892.htm?skuId=1267798&brandId=656492,,"=IMAGE(""https://kohler.scene7.com/is/image/PAWEB/Category_Template?$PDPcon$&$gradient_src=PAWEB%2Forganic-gradient&$shadow_src=PAWEB%2FBlank&$Badge1_src=PAWEB%2FBlank&$Badge4_src=PAWEB%2FBlank&$Badge3_src=PAWEB%2FBlank&$Badge2_src=PAWEB%2FBlank&$product_src=is{PAWEB%2Fzac10581_rgb}"",1)",
Kohler Underscore 60x30x22 (Acrylic / Alcove / RH),"Underscore® acrylic alcove bath with integral apron, integral flange, and right-hand drain | Nominal Size: 60"" x 30"" x 22"" | Bathing Well: 46 1/4"" x 22"" x 15 1/2"" (68 gallon capacity); Requires ClearFlo slotted drain (K-7272)",White,K-1956-RA-0,"$1,028.55",Granite Group,0.6,https://www.us.kohler.com/us/underscore-60-x-30-alcove-bath-w-integral-apron-integral-flange-and-right-hand-drain/productDetail/bathing/1267893.htm,,"=IMAGE(""https://kohler.scene7.com/is/image/PAWEB/Category_Template?$PDPcon$&$gradient_src=PAWEB%2Forganic-gradient&$shadow_src=PAWEB%2FBlank&$Badge1_src=PAWEB%2FBlank&$Badge4_src=PAWEB%2FBlank&$Badge3_src=PAWEB%2FBlank&$Badge2_src=PAWEB%2FBlank&$product_src=is{PAWEB%2Fzac10585_rgb}"",1)",
Kohler Underscore 60x32x22 (Acrylic / Alcove / LH),"Underscore® acrylic alcove bath with integral apron, integral flange, and left-hand drain | Nominal Size: 60"" x 32"" x 22"" | Bathing Well: 46 1/4"" x 22"" x 15 1/2"" (68 gallon capacity); Requires ClearFlo slotted drain (K-7272)",White,K-1957-LA-0,"$1,028.55",Granite Group,0.6,https://www.us.kohler.com/us/underscore-60-x-32-alcove-bath-w-integral-apron-integral-flange-and-left-hand-drain/productDetail/bathing/1267894.htm,,"=IMAGE(""https://kohler.scene7.com/is/image/PAWEB/Category_Template?$PDPcon$&$gradient_src=PAWEB%2Forganic-gradient&$shadow_src=PAWEB%2FBlank&$Badge1_src=PAWEB%2FBlank&$Badge4_src=PAWEB%2FBlank&$Badge3_src=PAWEB%2FBlank&$Badge2_src=PAWEB%2FBlank&$product_src=is{PAWEB%2Fzac10589_rgb}"",1)",
Kohler Underscore 60x32x22 (Acrylic / Alcove / RH),"Underscore® acrylic alcove bath with integral apron, integral flange, and right-hand drain | Nominal Size: 60"" x 32"" x 22"" | Bathing Well: 46 1/4"" x 22"" x 15 1/2"" (68 gallon capacity); Requires ClearFlo slotted drain (K-7272)",White,K-1957-RA-0,"$1,028.55",Granite Group,0.6,https://www.us.kohler.com/us/underscore-60-x-32-alcove-bath-with-integral-apron-integral-flange-and-right-hand-drain/productDetail/bathing/1267895.htm,,"=IMAGE(""https://kohler.scene7.com/is/image/PAWEB/Category_Template?$PDPcon$&$gradient_src=PAWEB%2Forganic-gradient&$shadow_src=PAWEB%2FBlank&$Badge1_src=PAWEB%2FBlank&$Badge4_src=PAWEB%2FBlank&$Badge3_src=PAWEB%2FBlank&$Badge2_src=PAWEB%2FBlank&$product_src=is{PAWEB%2Fzac10593_rgb}"",1)",
Kohler Underscore 60x32x21 (Acrylic / Undermount or Drop-In / LH or RH),"Underscore® acrylic undermount or drop-in bath
- Nominal Size: 60"" x 32"" x 21""
- Bathing Well: 42"" x 23 1/2"" x 17 1/8""
- 81 gallon capacity
- Requires Clearflo slotted drain (K-7272)
- Requires undermount kit (K-590)
- Therapy systems Available",White,K-1130-0,"$1,528.45",Granite Group,0.6,https://www.us.kohler.com/us/underscore-rectangle-60-x-32-drop-in-bath/productDetail/bathing/426400.htm?skuId=401128&brandId=656492,,"=IMAGE(""https://kohler.scene7.com/is/image/PAWEB/Category_Template?$PDPcon$&$gradient_src=PAWEB%2Forganic-gradient&$shadow_src=PAWEB%2FBlank&$Badge1_src=PAWEB%2FBlank&$Badge4_src=PAWEB%2FBlank&$Badge3_src=PAWEB%2FBlank&$Badge2_src=PAWEB%2FBlank&$product_src=is{PAWEB%2Fzaa61104_rgb}"",1)",
Kohler Underscore 66x32x22 (Acrylic / Undermount or Drop-In / LH or RH),"Underscore® acrylic undermount or drop-in bath | Nominal Size: 66"" x 32"" x 22"" | Bathing Well: 44 1/2"" x 22 5/16"" x 18"" (85.8 gal capacity); Requires Clearflo slotted drain (K-7272) and undermount installation kit (K-550); Therapy systems Available",White,K-1821-0,"$1,529.35",Granite Group,0.6,https://www.us.kohler.com/us/underscore-rectangle-66-x-32-drop-in-bath/productDetail/bathing/428728.htm?skuId=412447&brandId=656492,,"=IMAGE(""https://kohler.scene7.com/is/image/PAWEB/Category_Template?$PDPcon$&$gradient_src=PAWEB%2Forganic-gradient&$shadow_src=PAWEB%2FBlank&$Badge1_src=PAWEB%2FBlank&$Badge4_src=PAWEB%2FBlank&$Badge3_src=PAWEB%2FBlank&$Badge2_src=PAWEB%2FBlank&$product_src=is{PAWEB%2Fzaa61104_rgb}"",1)",
Kohler Underscore 66x36x22 (Acrylic / Undermount or Drop-In / LH or RH),"Underscore® acrylic drop-in bath
- Nominal Size: 66"" x 36"" x 22""
- Bathing Well: 44 1/2"" x 26 1/2"" x 17 3/4"""" 
- 102 gallon capacity
- Requires Clearflo slotted drain (K-7272)
- Undermount installation kit (K-591)
- Therapy systems Available",White,K-1136-0,"$1,558.00",Granite Group,0.6,https://www.us.kohler.com/us/underscore-rectangle-66-x-36-drop-in-bath-with-end-drain/productDetail/bathing/426401.htm?skuId=401135&brandId=656492,,"=IMAGE(""https://kohler.scene7.com/is/image/PAWEB/Category_Template?$PDPcon$&$gradient_src=PAWEB%2Forganic-gradient&$shadow_src=PAWEB%2FBlank&$Badge1_src=PAWEB%2FBlank&$Badge4_src=PAWEB%2FBlank&$Badge3_src=PAWEB%2FBlank&$Badge2_src=PAWEB%2FBlank&$product_src=is{PAWEB%2Fzaa87042_rgb}&fmt"",1)",
Kohler Underscore Oval 60x36x22 (Acrylic / Freestanding Oval / Center),"Underscore® Oval acrylic freestanding bath with deck space for faucet installation | Nominal Size: 60"" x 36"" x 22"" | Bathing Well: 43"" x 25 5/8"" x 16 5/16"" (72 gallon capacity); Requires Clearflo slotted drain (K-7272); Therapy systems available",White,K-5701-0,"$3,690.70",Granite Group,0.6,https://www.us.kohler.com/us/underscore-oval-60-x-36-freestanding-bath/productDetail/bathing/1100347.htm?skuId=1100283&brandId=656492,,"=IMAGE(""https://kohler.scene7.com/is/image/PAWEB/Category_Template?$PDPcon$&$gradient_src=PAWEB%2Forganic-gradient&$shadow_src=PAWEB%2FBlank&$Badge1_src=PAWEB%2FBlank&$Badge4_src=PAWEB%2FBlank&$Badge3_src=PAWEB%2FBlank&$Badge2_src=PAWEB%2FBlank&$product_src=is{PAWEB%2Fzab78293_rgb}"",1)",
Kohler Underscore 72x36x23 (Acrylic / Undermount or Drop-in / Center),"Underscore® acrylic undermount or drop-in bath
- Center drain
- Nominal Size: 72"" x 36"" x 23""
- Bathing Well: 45 3/4"" x 25 15/16"" x 19 7/16""
- 112.9 gallon capacity
- Requires ClearFlo bath drain (K-7272)
- Requires undermount kit (K-593)
- Therapy options available",White,K-1834-0,"$1,811.55",Granite Group,0.6,https://www.us.kohler.com/us/underscore-rectangle-72-x-36-drop-in-bath-with-center-drain/productDetail/bathing/429124.htm?skuId=415250&brandId=656492,,"=IMAGE(""https://kohler.scene7.com/is/image/PAWEB/Category_Template?$PDPcon$&$gradient_src=PAWEB%2Forganic-gradient&$shadow_src=PAWEB%2FBlank&$Badge1_src=PAWEB%2FBlank&$Badge4_src=PAWEB%2FBlank&$Badge3_src=PAWEB%2FBlank&$Badge2_src=PAWEB%2FBlank&$product_src=is{PAWEB%2Fzab02156_rgb}"",1)",
Kohler Underscore 72x42x23 (Acrylic / Undermount or Drop-in / Center),"Underscore® acrylic undermount or drop-in bath
- Center drain
- Nominal Size: 72"" x 42"" x 23""
- Bathing Well: 45 3/4"" x 32"" x 19""
- 139 gallon capacity
- Requires ClearFlo bath drain (K-7272)
- Requires undermount kit (K-592)
- Therapy options available",White,K-1137-0,"$1,858.00",Granite Group,0.6,https://www.us.kohler.com/us/underscore-rectangle-72-x-42-drop-in-bath-with-center-drain/productDetail/bathing/426402.htm?skuId=401151&brandId=656492,,"=IMAGE(""https://kohler.scene7.com/is/image/PAWEB/Category_Template?$PDPcon$&$gradient_src=PAWEB%2Forganic-gradient&$shadow_src=PAWEB%2FBlank&$Badge1_src=PAWEB%2FBlank&$Badge4_src=PAWEB%2FBlank&$Badge3_src=PAWEB%2FBlank&$Badge2_src=PAWEB%2FBlank&$product_src=is{PAWEB%2Fzaa68539_rgb}"",1)",
Kohler Veil 66x36x25 (Lithocast / Freestanding),"Veil™ Lithocast® Gloss cast resin freestanding bath
- Nominal Size: 66"" x 36"" x 25 1/2""
- Bathing Well: 46 9/16"" x 22 3/8"" x 15 7/8""
- 84.29 gal capacity
- Includes center toe-tap drain with matching cover",White,K-8331-0,"$6,198.00",Granite Group,0.6,https://www.us.kohler.com/us/veil-66-x-36-freestanding-bath-with-center-toe-tap-drain/productDetail/bathing/1284613.htm?skuId=1284591&brandId=1348405,,"=IMAGE(""https://kohler.scene7.com/is/image/PAWEB/Category_Template?$PDPcon$&$gradient_src=PAWEB%2Forganic-gradient&$shadow_src=PAWEB%2FBlank&$Badge1_src=PAWEB%2FBlank&$Badge4_src=PAWEB%2FBlank&$Badge3_src=PAWEB%2FBlank&$Badge2_src=PAWEB%2FBlank&$product_src=is{PAWEB%2Fzac28844_rgb}"",1)",
Kohler Villager 60x34x14 (Cast Iron / Alcove / LH),"Villager® enameled cast iron alcove bath with integral apron and left-hand drain | Nominal Size: 60"" x 34 1/4"" x 14"" | Bathing Well: 45"" x 22"" x 8 5/8"" (33 gallon capacity); Requires ClearFlo cable drain (K-7213)",White,K-713-0,$821.20,Granite Group,0.6,https://www.us.kohler.com/us/villager-60-x-34-alcove-bath-with-left-hand-drain/productDetail/bathing/419714.htm,,"=IMAGE(""https://kohler.scene7.com/is/image/PAWEB/Category_Template?$PDPcon$&$gradient_src=PAWEB%2Forganic-gradient&$shadow_src=PAWEB%2FBlank&$Badge1_src=PAWEB%2FBlank&$Badge4_src=PAWEB%2FBlank&$Badge3_src=PAWEB%2FBlank&$Badge2_src=PAWEB%2FBlank&$product_src=is{PAWEB%2Fzaa57457_rgb}"",1)",
Kohler Villager 60x34x14 (Cast Iron / Alcove / RH),"Villager® enameled cast iron alcove bath with integral apron and right-hand drain | Nominal Size: 60"" x 34 1/4"" x 14"" | Bathing Well: 45"" x 22"" x 8 5/8"" (33 gallon capacity); Requires ClearFlo cable drain (K-7213)",White,K-714-0,$821.20,Granite Group,0.6,https://www.us.kohler.com/us/villager-60-x-34-alcove-bath-with-right-hand-drain/productDetail/bathing/419715.htm,,"=IMAGE(""https://kohler.scene7.com/is/image/PAWEB/Category_Template?$PDPcon$&$gradient_src=PAWEB%2Forganic-gradient&$shadow_src=PAWEB%2FBlank&$Badge1_src=PAWEB%2FBlank&$Badge4_src=PAWEB%2FBlank&$Badge3_src=PAWEB%2FBlank&$Badge2_src=PAWEB%2FBlank&$product_src=is{PAWEB%2Fzaa63114_rgb}"",1)",
Maax Ariosa 60x32x28 (Acrylic / Freestanding / End),"Ariosa acrylic asymmetrical freestanding bath with deck space for faucet | Nominal Size: 60″ X 32″ X 28″ | Bathing Well: 37 3/4"" x 18 3/8"" x 14 3/4"" (46 gallon capacity); Requires F2 Drain kit (10034341) and linear drain trim (10037670)",White,106266-000-001,"$2,250.00",Robinson,0.6,https://maax.com/en/product/ariosa-6032_106266,,"=IMAGE(""https://abgprdcdn-maax.azureedge.net/-/media/productassets/maax/106266/images/maax-mx106266-001-2.jpg?h=672&w=800&v=1&d=20171018T234113Z&hash=A71A3436CA6179DF6DB753DF5CCDF0A16FCA649E"",1)",
Maax Ariosa 66x36x28 (Acrylic / Freestanding),"Ariosa acrylic freestanding bath with deck space for faucet | Nominal Size: 66"" x 36"" x 28"" | Bathing Well: 41 1/8"" x 18 3/8"" x 15 3/4"" (56 gal capacity); Requires F2 drain kit (10034341) and positioning template (10034336)",White,106267-000-001,"$2,588.00",Robinson,0.6,https://maax.com/en/product/ariosa-6636_106267,,"=IMAGE(""https://abgprdcdn-maax.azureedge.net/-/media/productassets/maax/106267/images/maax-mx106267-001-2.jpg?h=672&w=800&v=1&d=20171018T234145Z&hash=E1FD6161458EDAC61F5B343A2A04FB168778DCEA"",1)",
Maax Bosca 60x30x18 (Acrylic / Alcove / LH),"Bosca IFS acrylic bath with integral apron, integral flange
- Left-hand drain
- Nominal Size: 60"" x 30"" x 18""
- Bathing Well: 54 3/4"" x 23 3/8"" x 16 3/4""
- 54 gallon capacity
- Requires separate drain (10022491)",White,106394-L-000-001,$921.00,Robinson,0.6,https://maax.com/en/product/bosca-6030-ifs_106394,,"=IMAGE(""https://maax.com/-/media/productassets/maax/106394/images/maax-mx106394-001-2.jpg"",1)",
Maax Bosca 60x30x18 (Acrylic / Alcove / RH),"Bosca IFS acrylic bath with integral apron, integral flange
- Right-hand drain
- Nominal Size: 60"" x 30"" x 18""
- Bathing Well: 54 3/4"" x 23 3/8"" x 16 3/4""
- 54 gallon capacity
- Requires separate drain (10022491)",White,106394-R-000-001,$921.00,Robinson,0.6,https://maax.com/en/product/bosca-6030-ifs_106394?v=106394-R-000-001,,"=IMAGE(""https://maax.com/-/media/productassets/maax/106394/images/maax-mx106394-001-2.jpg"",1)",
Maax Brioso 66x36x23 (Acrylic / Freestanding),"Brioso acrylic freestanding bath with deck space for faucet
- Nominal Size:  66"" x 36"" x 23""
- Bathing Well: 62 7/8"" x 28""
- 68 gal capacity
- Requires F2 drain kit (10034341) 
- Requires positioning template (10034338)",White,103903-000-002,"$1,928.00",Robinson,0.6,https://maax.com/en/product/brioso-6636_103903,,"=IMAGE(""https://maax.com/-/media/productassets/maax/103903/images/maax-mx103903-002-2.jpg?h=672&w=800&v=1&d=20180228T192229Z&hash=8E4ADE6E5BFAC43CA367792F1ADA0164DCE11660"",1)",
Maax Brioso 66x36x23 (Acrylic / Freestanding) (GRAY),"Brioso acrylic freestanding bath with deck space for faucet
- Nominal Size:  66"" x 36"" x 23""
- Bathing Well: 62 7/8"" x 28""
- 68 gal capacity
- Requires F2 drain kit (10034341) 
- Requires positioning template (10034338)",White with gray apron,103903-000-010,"$2,228.00",Robinson,0.6,https://maax.com/en/product/brioso-6636_103903,,"=IMAGE(""https://maax.com/-/media/productassets/maax/103903/images/maax-mx103903-010.jpg?h=672&w=800&v=1&d=20171018T213220Z&hash=ACD1FDE58539898DBCE714FB237FCF6651A962BF"",1)",
Maax Brioso 66x36x23 (Acrylic / Freestanding) (BLACK),"Brioso acrylic freestanding bath with deck space for faucet
- Nominal Size:  66"" x 36"" x 23""
- Bathing Well: 62 7/8"" x 28""
- 68 gal capacity
- Requires F2 drain kit (10034341) 
- Requires positioning template (10034338)",White with black apron,103903-000-015,"$2,228.00",Robinson,0.6,https://maax.com/en/product/brioso-6636_103903,,"=IMAGE(""https://maax.com/-/media/productassets/maax/103903/images/maax-mx103903-015.jpg?h=672&w=800&v=1&d=20171018T213224Z&hash=7443A5E6CDE1DF8CEA9803CC270D5084516E6048"",1)",
Maax Delsia 66x36x27 (Acrylic / Freestanding),"Delsia acrylic freestanding bath with deck space for faucet
- Nominal Size:  66"" x 36"" x 27""
- Bathing Well: 42"" x 18 7/8"" x 16 3/4""
- 59 gal capacity
- Requires F2 drain kit (10034341) 
- Requires positioning template (10037416)",White,106193-000-002,"$2,162.00",Robinson,0.6,https://maax.com/en/product/delsia-6636_106193,,"=IMAGE(""https://maax.com/-/media/productassets/maax/106193/images/maax-mx106193-002-2.jpg"",1)",
Maax Exhibit 60x30x18 (Acrylic / Alcove / LH),"Exhibit IFS acrylic bath with integral apron, integral flange, and left-hand drain | Nominal Size: 60"" x 30"" x 18"" | Bathing Well: 46 1/4"" x 19 1/2"" x 14 1/4"" (44 gallon capacity); Requires separate drain (10022491); Therapy Systems Available; ",White,105519-L-000-001,$918.00,Robinson,0.6,https://maax.com/en/product/exhibit-6030-ifs_105519?v=105519-L-000-001,,"=IMAGE(""https://abgprdcdn-maax.azureedge.net/-/media/productassets/maax/105519/images/maax-mx105519-001-2.jpg?h=672&w=800&v=1&d=20171018T221041Z&hash=6BC42B32FBCF4138448AA6835BB8F8B7EF4D1BE6"",1)",
Maax Exhibit 60x30x18 (Acrylic / Alcove / RH),"Exhibit IFS acrylic bath with integral apron, integral flange, and right-hand drain | Nominal Size: 60"" x 30"" x 18"" | Bathing Well: 46 1/4"" x 19 1/2"" x 14 1/4"" (44 gallon capacity); Requires separate drain (10022491); Therapy Systems Available; ",White,105519-R-000-001,$918.00,Robinson,0.6,https://maax.com/en/product/exhibit-6030-ifs_105519?v=105519-R-000-001,,"=IMAGE(""https://abgprdcdn-maax.azureedge.net/-/media/productassets/maax/105519/images/maax-mx105519-001-2.jpg?h=672&w=800&v=1&d=20171018T221041Z&hash=6BC42B32FBCF4138448AA6835BB8F8B7EF4D1BE6"",1)",
"Maax Exhibit 60x32x18, No Apron (Acrylic / Alcove / LH)","Exhibit IF acrylic bath with integral flange, less apron
- Left-hand drain
- Nominal Size: 60"" x 32"" x 18""
- Bathing Well: 44"" x 19 1/8"" x 15 1/8""
- 48 gallon capacity
- Requires separate drain (10022491)
- Therapy Systems Available",White,105514-L-000-001,$810.00,Robinson,0.6,https://maax.com/en/product/exhibit-6032-if_105514,,"=IMAGE(""https://maax.com/-/media/productassets/maax/105514/images/maax-mx105514-001-2.jpg?h=168&w=200&v=1&d=20171018T220855Z&hash=0DCF08B0964F6CC885098075219585D8C2CC25CC"",1)",
"Maax Exhibit 60x32x18, No Apron (Acrylic / Alcove / RH)","Exhibit IF acrylic bath with integral flange, less apron
- Right-hand drain
- Nominal Size: 60"" x 32"" x 18""
- Bathing Well: 44"" x 19 1/8"" x 15 1/8""
- 48 gallon capacity
- Requires separate drain (10022491)
- Therapy Systems Available",White,05514-R-000-001,$810.00,Robinson,0.6,https://maax.com/en/product/exhibit-6032-if_105514?v=105514-R-000-001,,"=IMAGE(""https://maax.com/-/media/productassets/maax/105514/images/maax-mx105514-001-2.jpg?h=168&w=200&v=1&d=20171018T220855Z&hash=0DCF08B0964F6CC885098075219585D8C2CC25CC"",1)",
Maax Exhibit 66x34x18 (Acrylic / Undermount),"Exhibit acrylic bath, less flange, less apron
- Left-hand drain
- Nominal Size: 66"" x 34"" x 18""
- Bathing Well: 59 1/8"" x 25 7/8"" x 15 1/2""
- 55 gallon capacity
- Requires separate drain (10022491)
- Therapy Systems Available",White,106219-000-001,$957.00,Robinson,0.6,https://maax.com/en/product/exhibit-6634_106219?__cf_chl_jschl_tk__=ce24468eb66c2381992cacb0f5cf53ebe67c4a7f-1605722559-0-AU_nu2sS6tc9IWooAunD8d1jua8gI9IsOdYHA4iBlV7dpOn3iKHYqKE2_4yXl5gnztr7OiSZKM_wqnW09_TYHqM3lIHQJIvG-PCVkd_ALGc9MdUtI5tnNRX6MFD4Lw-VTseQ9wnj87F5ZGXrktXHMSZByqhzugOLH4moWnZ5-m2BhQ0hWS9xGwMBnuVDxwdw2odVjUE_DSUrv-2LomU3qBVhqfmW2ZPgijHim_PSpywnVg_E7Yx0SxtILUmNvV2tUlPaBR_E6VllxrBOPSu1jALxHHCACwd3DIeuEm896a1RAsURLq7evyWgx20Te00Dk7w4njA3Cgg6VnbzsBXVvNPrhdP-UqUeizNrHSk4VP_z,,"=IMAGE(""https://maax.com/-/media/productassets/maax/106219/images/maax-mx106219-001-2.jpg?h=672&w=800&v=1&d=20171018T232738Z&hash=F2A3D67D85725E3D0AC9D27A0DBDEF42E21A1AED"",1)",
Maax Exhibit 60x32x18 (Acrylic / Alcove / LH),"Exhibit IFS acrylic bath with integral apron, integral flange
- Left-hand drain
- Nominal Size: 60"" x 32"" x 18""
- Bathing Well: 44"" x 19 1/8"" x 15 1/8""
- 44 gallon capacity
- Requires separate drain (10022491)
- Therapy Systems Available",White,105520-L-000-001,$992.00,Robinson,0.6,https://maax.com/en/product/exhibit-6032-ifs_105520,,"=IMAGE(""https://maax.com/-/media/productassets/maax/105520/images/maax-mx105520-001-2.jpg"",1)",
Maax Exhibit 60x32x18 (Acrylic / Alcove / RH),"Exhibit IFS acrylic bath with integral apron, integral flange
- Right-hand drain
- Nominal Size: 60"" x 32"" x 18""
- Bathing Well: 44"" x 19 1/8"" x 15 1/8""
- 44 gallon capacity
- Requires separate drain (10022491)
- Therapy Systems Available",White,105520-R-000-001,$992.00,Robinson,0.6,https://maax.com/en/product/exhibit-6032-ifs_105520?v=105520-R-000-001,,"=IMAGE(""https://maax.com/-/media/productassets/maax/105520/images/maax-mx105520-001-2.jpg"",1)",
Maax Exhibit 60x36x18 (Acrylic / Alcove / LH),"Exhibit IFS acrylic bath with integral apron, integral flange, and left-hand drain | Nominal Size: 60"" x 36"" x 18"" | Bathing Well: 46 3/8"" x 21 3/4"" x 15 1/2"" (56 gallon capacity); Requires separate drain (10022491); Therapy Systems Available",White,106172-L-000-001,"$1,108.00",Robinson,0.6,https://maax.com/en/product/exhibit-6036-ifs_106172,,"=IMAGE(""https://abgprdcdn-maax.azureedge.net/-/media/productassets/maax/106172/images/maax-mx106172-001-2.jpg?h=672&w=800&v=1&d=20171018T230750Z&hash=AE0AB866C5B4DE41E491EC370CE1FB8EF4547EA9"",1)",
Maax Exhibit 60x36x18 (Acrylic / Alcove / RH),"Exhibit IFS acrylic bath with integral apron, integral flange, and right-hand drain | Nominal Size: 60"" x 36"" x 18"" | Bathing Well: 46 3/8"" x 21 3/4"" x 15 1/2"" (56 gallon capacity); Requires separate drain (10022491); Therapy Systems Available",White,106172-R-000-001,"$1,108.00",Robinson,0.6,https://maax.com/en/product/exhibit-6036-ifs_106172,,"=IMAGE(""https://maax.com/-/media/productassets/maax/106172/images/maax-mx106172-001-2.jpg"",1)",
Maax Exhibit 60x36x18 (Acrylic / Drop In),"Exhibit acrylic drop-in bath 
- Nominal Size: 60"" x 36"" x 18""
- Bathing Well: 54 5/8"" x 27 7/8 x 15 1/2""
- 41 gallon capacity
- Requires separate drain (10022491)
- Therapy Systems Available",White,106170-000-001,"$1,095.00",Robinson,0.6,https://maax.com/en/product/exhibit-6036_106170,,"=IMAGE(""https://maax.com/-/media/productassets/maax/106170/images/maax-mx106170-001-1.jpg?h=672&w=800&v=1&d=20171018T230647Z&hash=FC0C4EE4D63E341CEE1268A61010235272D159CA"",1)",
Maax Exhibit 66x32x18 (Acrylic / Alcove / LH),"Exhibit IFS acrylic bath with integral apron, integral flange, and left-hand drain | Nominal Size: 66x32x18 | Bathing Well: 46 5/8"" x 19 7/8"" x 14 1/2"" (55 gallon capacity); Requires separate drain (10022491); Therapy Systems Available",White,106221-L-000-001,"$1,152.00",Robinson,0.6,https://maax.com/en/product/exhibit-6632-ifs_106221,,"=IMAGE(""https://maax.com/-/media/productassets/maax/106221/images/maax-mx106221-001-2.jpg?h=672&w=800&v=1&d=20171018T232843Z&hash=59C9B0DB4FCE4F73FF79B541258BB5007E0E7173"",1)",
Maax Exhibit 66x32x18 (Acrylic / Alcove / RH),"Exhibit IFS acrylic bath with integral apron, integral flange, and right-hand drain | Nominal Size: 66x32x18 | Bathing Well: 46 5/8"" x 19 7/8"" x 14 1/2"" (55 gallon capacity); Requires separate drain (10022491); Therapy Systems Available",White,106221-R-000-001,"$1,152.00",Robinson,0.6,https://maax.com/en/product/exhibit-6632-ifs_106221?v=106221-R-000-001,,"=IMAGE(""https://abgprdcdn-maax.azureedge.net/-/media/productassets/maax/106221/images/maax-mx106221-001-2.jpg?h=672&w=800&v=1&d=20171018T232843Z&hash=59C9B0DB4FCE4F73FF79B541258BB5007E0E7173"",1)",
Maax Exhibit 66x36x18 (Acrylic / Alcove / LH),"Exhibit IFS acrylic bath with integral apron, integral flange, and left-hand drain | Nominal Size: 66x36x18 | Bathing Well: 48 5/8"" x 21 7/8"" x 14 1/2"" (60 gallon capacity); Requires separate drain (10022491); Therapy Systems Available",White,106179-L-000-001,"$1,163.00",Robinson,0.6,https://maax.com/en/product/exhibit-6636-ifs_106179?v=106179-L-000-001,,"=IMAGE("""",1)",
Maax Exhibit 66x36x18 (Acrylic / Alcove / RH),"Exhibit IFS acrylic bath with integral apron, integral flange, and right-hand drain | Nominal Size: 66x36x18 | Bathing Well: 48 5/8"" x 21 7/8"" x 14 1/2"" (60 gallon capacity); Requires separate drain (10022491); Therapy Systems Available",White,106179-R-000-001,"$1,163.00",Robinson,0.6,https://maax.com/en/product/exhibit-6636-ifs_106179?v=106179-R-000-001,,"=IMAGE("""",1)",
"Maax Exhibit 72x36x18, No Apron (Acrylic / Alcove / LH)","Exhibit IF acrylic bath with integral flange, less apron
- Left-hand drain
- Nominal Size: 72"" x 36"" x 18""
- Bathing Well: 66 1/4"" x 27 7/8"" x 14 1/2""
- 64 gallon capacity
- Requires separate drain (10022491)
- Therapy Systems Available",White,106182-L-000-001,$951.00,Robinson,0.6,https://maax.com/en/product/exhibit-7236-if_106182,,"=IMAGE(""https://maax.com/-/media/productassets/maax/106182/images/maax-mx106182-001-2.jpg?h=672&w=800&v=1&d=20171018T231252Z&hash=358FAC41CFD656EB6F35145D9B09CA57BCA23BD7"",1)",
"Maax Exhibit 72x36x18, No Apron (Acrylic / Alcove / RH)","Exhibit IF acrylic bath with integral flange, less apron
- Right-hand drain
- Nominal Size: 72"" x 36"" x 18""
- Bathing Well: 66 1/4"" x 27 7/8"" x 14 1/2""
- 64 gallon capacity
- Requires separate drain (10022491)
- Therapy Systems Available",White,106182-R-000-001,$951.00,Robinson,0.6,https://maax.com/en/product/exhibit-7236-if_106182,,"=IMAGE(""https://maax.com/-/media/productassets/maax/106182/images/maax-mx106182-001-2.jpg?h=672&w=800&v=1&d=20171018T231252Z&hash=358FAC41CFD656EB6F35145D9B09CA57BCA23BD7"",1)",
Maax Jazz F 66x36x24 (Acrylic / Freestanding),"Jazz F acrylic freestanding oval bath
- Nominal Size: 66"" x 36"" x 24""
- Bathing Well: 57 5/8"" x 24 1/4"" x 18""
- 58 gallon capacity
- Requires F2 drain (10034341)
- Requires positioning template (10027224)
- Therapy options available",White,105359-000-001,"$2,434.00",Robinson,0.6,https://maax.com/en/product/jazz-f_105359/,,"=IMAGE(""https://maax.com/-/media/productassets/maax/105359/images/maax-mx105359-001-2.jpg?h=672&w=800&v=1&d=20171018T220008Z&hash=7C6AC8354DA32A7A93E6121377618C824677967C"",1)",
Maax Joan 60x32x31 (Acrylic / Freestanding),"Joan acrylic freestanding oval bath | Nominal Size: 61"" x 32"" x 31"" | Bathing Well: 38"" x 15 1/2"" x 16 3/8"" (73 gallon capacity); Requires F2 drain kit (10034341) and positioning template (10037816)",White,106387-000-001,"$2,611.00",Robinson,0.6,https://maax.com/en/product/joan_106387,,"=IMAGE(""https://abgprdcdn-maax.azureedge.net/-/media/productassets/maax/106387/images/maax-mx106387-001-2.jpg?h=672&w=800&v=1&d=20171122T183236Z&hash=4BE07BE4FF82D46127CB72326BA45081FE1EB999"",1)",
Maax Louie 58x29x23 (Acrylic / Freestanding / Center),"Louie acrylic freestanding oval bath
- Nominal Size: 58"" x 29"" x 23""
- Bathing Well: 40 5/8"" x 16 1/8"" x 15 1/8""
- 62 gallon capacity
- Requires F2 Drain kit (10034341) and linear drain trim (10037670)",White,106384-000-001,"$2,228.00",Robinson,0.6,https://maax.com/en/product/louie-5829_106384,,"=IMAGE(""https://maax.com/-/media/productassets/maax/106384/images/maax-mx106384-001-2.jpg?h=672&w=800&v=1&d=20171122T183637Z&hash=2B9808991F0FB78FCCED99476FC49C136F5D6738"",1)",
Maax Lounge 64x34x22 (Acrylic / Freestanding),"Lounge acrylic freestanding rectangular bath
- Nominal Size: 64"" x 34"" x 22 1/4""
- Bathing Well: 57 3/8"" x 32 1/4""
- 68 gallon capacity
- Requires F2 Drain kit (10034341) 
- Requires positioning template (10032737)",White,105798-000-001,"$2,352.00",Robinson,0.6,https://maax.com/en/product/lounge_105798,,"=IMAGE(""https://maax.com/-/media/productassets/maax/105798/images/maax-mx105798-001-2.jpg?h=672&w=800&v=1&d=20171018T223746Z&hash=1C6331D6CF97C26E60FDF008A07F1945D39C4494"",1)",
Maax ModulR 60x32x23 (Acrylic / Alcove / LH),"ModulR acrylic alcove tub with integrated apron, integrated tile flange, and arm rests
- Left-hand drain
- Nominal size: 60"" x 32"" x 23""
- Bathing well: 45 3/8"" x 17 7/8"" x 16 1/2""
- Requires waste and overflow (10032807)
- For use with ModulR shower pan",White,"410019-000-001-001
(No web page; Model pulled from ModulR Configurator Tool)","$1,671.00",Robinson,0.6,NOT AVAILABLE,,"=IMAGE(""https://maax.com/-/media/productassets/maax/410009/images/maax-mx410009-001-1.jpg?h=672&w=800&v=1&d=20171019T010940Z&hash=0DC297BD56EBD162C943F60F83E5C1847E9C2A3D"",1)",
Maax ModulR 60x32x23 (Acrylic / Alcove / RH),"ModulR acrylic alcove tub with integrated apron, integrated tile flange, and arm rests
- Right-hand drain
- Nominal size: 60"" x 32"" x 23""
- Bathing well: 45 3/8"" x 17 7/8"" x 16 1/2""
- Requires waste and overflow (10032807)
- For use with ModulR shower pan",White,"410020-000-001-002
(No web page; Model pulled from ModulR Configurator Tool)","$1,671.00",Robinson,0.6,NOT AVAILABLE,,"=IMAGE(""https://maax.com/-/media/productassets/maax/410009/images/maax-mx410009-001-1.jpg?h=672&w=800&v=1&d=20171019T010940Z&hash=0DC297BD56EBD162C943F60F83E5C1847E9C2A3D"",1)",
Maax ModulR 60x32x18 (Acrylic / Freestanding Wall-Mount / LH),"ModulR acrylic wall mounted tub with integrated apron, integrated flange, armrests, left-hand drain, and deck space for faucet installation | Nominal Size: 60″ X 32″ X 23″ | Bathing Well: 45 3/8"" x 17 7/8"" x 15 3/4"" (58 gallon capacity); Requires flexible waste and overflow (10032807)",White,410009-L-000-001,"$2,044.00",Robinson,0.6,https://maax.com/en/product/modulr-6032-wall-mounted-%28with-armrests%29_410009,,"=IMAGE(""https://abgprdcdn-maax.azureedge.net/-/media/productassets/maax/410009/images/maax-mx410009-001.jpg?h=672&w=800&v=1&d=20171019T010945Z&hash=BF14A82EE8A9ECBFA677A96615CF9047362B77BE"",1)",
Maax ModulR 60x32x18 (Acrylic / Freestanding Wall-Mount / RH),"ModulR acrylic wall mounted tub with integrated apron, integrated flange, armrests, right-hand drain, and deck space for faucet installation | Nominal Size: 60″ X 32″ X 23″ | Bathing Well: 45 3/8"" x 17 7/8"" x 15 3/4"" (58 gallon capacity); Requires flexible waste and overflow (10032807)",White,410009-R-000-001,"$2,044.00",Robinson,0.6,https://maax.com/en/product/modulr-6032-wall-mounted-%28with-armrests%29_410009?v=410009-R-000-001,,"=IMAGE(""https://abgprdcdn-maax.azureedge.net/-/media/productassets/maax/410009/images/maax-mx410009-001.jpg?h=672&w=800&v=1&d=20171019T010945Z&hash=BF14A82EE8A9ECBFA677A96615CF9047362B77BE"",1)",
Maax Optik 60x32x23 (Acrylic / Freestanding Rectangular / End),"Optik acrylic freestanding tub with deck space for faucet installation | Nominal Size: 60″ X 32″ X 23″ | Bathing Well: 43 1/8"" x 19 7/8"" x 17 1/4"" (55 gallon capacity); Requires F2 Drain kit (10034341) and positioning template (10032739); Air massage system available",White,105571-000-001,"$2,250.00",Robinson,0.6,https://maax.com/en/product/optik-6032-f_105571,,"=IMAGE(""https://abgprdcdn-maax.azureedge.net/-/media/productassets/maax/105571/images/maax-mx105571-001-2.jpg?h=672&w=800&v=1&d=20171018T221648Z&hash=5C4AFF642FE89CC1E476ADF60A2E257AB69F6CA8"",1)",
Maax Optik 66x36x24 (Acrylic / Freestanding Rectangular),"Optik acrylic freestanding rectangular bath
- Nominal Size: 66"" x 36"" x 24""
- Bathing Well: 45"" x 21 5/8"" x 18 1/2""
- 47 gallon capacity
- Requires F2 drain (10034341)
- Requires positioning template (10028785)
- Therapy options available",White,105742-000-001,"$2,588.00",Robinson,0.6,https://maax.com/en/product/optik-6636-f_105742/,,"=IMAGE(""https://maax.com/-/media/productassets/maax/105742/images/maax-mx105742-001-2.jpg?h=672&w=800&v=1&d=20171018T223244Z&hash=EF2BC25C85F3B68DEF0E1C3A08490BBA1D74234E"",1)",
Maax Optik 66x36x24 (Acrylic / Freestanding Rectangular) (BLACK),"Optik acrylic freestanding rectangular bath
- Nominal Size: 66"" x 36"" x 24""
- Bathing Well: 45"" x 21 5/8"" x 18 1/2""
- 47 gallon capacity
- Requires F2 drain (10034341)
- Requires positioning template (10028785)
- Therapy options available",White with black apron,105742-000-015,"$3,105.00",Robinson,0.6,https://maax.com/en/product/optik-6636-f_105742/,,"=IMAGE(""https://maax.com/-/media/productassets/maax/105742/images/maax-mx105742-015-1.jpg?h=672&w=800&v=1&d=20171018T223259Z&hash=2C517D365DCC9DEBF4AF5F935F76F270FDBA1A51"",1)",
Maax Optik 72x36x23 (Acrylic / Undermount / Drop-In / Center),"Optik acrylic undermount or drop-in bath with center drain and deck space for faucet installation
- Nominal Size: 72"" x 36"" x 23 1/2""
- Bathing Well: 42 1/2"" x 27"" x 20 3/4""
- 47 gallon capacity
- Requires waste and overflow (10025081 or 535-PVCHK)
- Therapy options available",White,101270-000-001,"$1,567.00",Robinson,0.6,https://maax.com/en/product/optik-7236_101270,,"=IMAGE(""https://maax.com/-/media/productassets/maax/101270/images/maax-mx101270-001-2.jpg?h=672&w=800&v=1&d=20171018T204345Z&hash=008716DF8A3A9DCA6F0A72EB961520944444BB76"",1)",
Maax Optik 72x42x23 (Acrylic / Undermount / Drop-In / Center),"Optik acrylic undermount or drop-in bath with center drain and deck space for faucet installation
- Nominal Size: 72"" x 42"" x 23 1/2""
- Bathing Well: 42 5/8"" x 33"" x 20 3/4""
- 92 gallon capacity
- Requires waste and overflow (10025081 or 535-PVCHK)
- Therapy options available",White,101275-000-001,"$1,766.00",Robinson,0.6,https://maax.com/en/product/optik-7242_101275,,"=IMAGE(""https://maax.com/-/media/productassets/maax/101275/images/maax-mx101275-001-2.jpg?h=672&w=800&v=1&d=20171018T204411Z&hash=B760405EFEB919B064C5818AB384564ADA585AB6"",1)",
Maax Pose 60x32x24 (Acrylic / Drop-In or Undermount),"Pose acrylic undermount or drop-in bath with end drain
- Nominal Size: 60"" x 32"" x 24""
- Bathing Well: 51 1/8"" x 23 5/8"" x 18""
- 64 gallon capacity
- Requires waste and overflow (10025081 or 535-PVCHK)
- Therapy options available",White,101457-000-001,"$1,019.00",Robinson,0.6,https://maax.com/en/product/pose-6032_101457,,"=IMAGE(""https://maax.com/-/media/productassets/maax/101457/images/maax-mx101457-001-2.jpg?h=168&w=200&v=1&d=20171018T205127Z&hash=0AB1279FB2B428506688F00CAEC0E5631781D263"",1)",
Maax Pose 66x32x24 (Acrylic / Alcove / LH),"Pose IF acrylic alcove bath with integral flange, deck space for faucet installation, and left-hand drain | Nominal Size: 66"" x 32"" x 24"" | Bathing Well: 50 3/8"" x 21 3/8"" x 18"" (72 gallon capacity); Requires cable-operated waste and overflow (10022491); Separate apron available (101954 or 101957); Therapy Systems Available",White,106204-L-000-001,"$1,124.00",Robinson,0.6,https://maax.com/en/product/pose-6632-if_106204,,"=IMAGE(""https://abgprdcdn-maax.azureedge.net/-/media/productassets/maax/106204/images/maax-mx106204-001-2.jpg?h=672&w=800&v=1&d=20171018T232052Z&hash=336A95179742697BF7C957971F1015B1CED760EC"",1)",
Maax Pose 66x32x24 (Acrylic / Alcove / RH),"Pose IF acrylic alcove bath with integral flange, deck space for faucet installation, and right-hand drain | Nominal Size: 66"" x 32"" x 24"" | Bathing Well: 50 3/8"" x 21 3/8"" x 18"" (72 gallon capacity); Requires cable-operated waste and overflow (10022491); Separate apron available (101954 or 101957); Therapy Systems Available",White,106204-R-000-001,"$1,124.00",Robinson,0.6,https://maax.com/en/product/pose-6632-if_106204?v=106204-R-000-001,,"=IMAGE(""https://abgprdcdn-maax.azureedge.net/-/media/productassets/maax/106204/images/maax-mx106204-001-2.jpg?h=672&w=800&v=1&d=20171018T232052Z&hash=336A95179742697BF7C957971F1015B1CED760EC"",1)",
"Maax Pose 66x32x24 (Acrylic / Drop-in, Undermount / LH or RH)","Pose acrylic drop-in or undermount bath with deck space for faucet installation | Nominal Size: 66"" x 32"" x 24"" | Bathing Well: 50 3/8"" x 21 3/8"" x 18"" (72 gal capacity); Requires cable-operated waste and overflow (10022491); Therapy systems available",White,101458-000-001,"$1,124.00",Robinson,0.6,https://maax.com/en/product/pose-6632_101458,,"=IMAGE(""https://abgprdcdn-maax.azureedge.net/-/media/productassets/maax/101458/images/maax-mx101458-001-2.jpg?h=672&w=800&v=1&d=20171018T205158Z&hash=0D4A617683D8E4F068415D63109AFC2859B473B8"",1)",
Maax Pose 66x36x24 (Acrylic / Alcove / LH),"Pose IF acrylic alcove bath with integral flange, deck space for faucet installation, and left-hand drain; Nominal Size: 66"" x 36"" x 24"" | Bathing Well: 50 3/8"" x 25 3/8"" x 18"" (85 gallon capacity); Requires cable-operated waste and overflow (10022491); Separate apron available (101954 or 101957); Therapy Systems Available",White,106207-L-000-001,"$1,211.00",Robinson,0.6,https://maax.com/en/product/pose-6636-if_106207,,"=IMAGE(""https://abgprdcdn-maax.azureedge.net/-/media/productassets/maax/106207/images/maax-mx106207-001-2.jpg?h=672&w=800&v=1&d=20171018T232235Z&hash=240C3322A2EA93AE22D0C27E8A2D4AFE42D8806F"",1)",
Maax Pose 66x36x24 (Acrylic / Alcove / RH),"Pose IF acrylic alcove bath with integral flange, deck space for faucet installation, and right-hand drain; Nominal Size: 66"" x 36"" x 24"" | Bathing Well: 50 3/8"" x 25 3/8"" x 18"" (85 gallon capacity); Requires cable-operated waste and overflow (10022491); Separate apron available (101954 or 101957); Therapy Systems Available",White,106207-R-000-001,"$1,211.00",Robinson,0.6,https://maax.com/en/product/pose-6636-if_106207?v=106207-R-000-001,,"=IMAGE(""https://abgprdcdn-maax.azureedge.net/-/media/productassets/maax/106207/images/maax-mx106207-001-2.jpg?h=672&w=800&v=1&d=20171018T232235Z&hash=240C3322A2EA93AE22D0C27E8A2D4AFE42D8806F"",1)",
Maax Miles 66x36x23 (Acrylic / Freestanding),"Miles acrylic freestanding rectangular bath
- Nominal Size: 66"" x 36"" x 23 1/4""
- Bathing Well: 43 7/8"" x 27 5/8"" x 17 1/2
- 50 gallon capacity
- Requires F2 drain (10034341)
- Requires positioning template (10032738)
- Therapy options available",White,105756-000-001,"$2,588.00",Robinson,0.6,https://maax.com/en/product/miles_105756/,,"=IMAGE(""https://maax.com/-/media/productassets/maax/105756/images/maax-mx105756-001-2.jpg?h=672&w=800&v=1&d=20171018T223517Z&hash=1FB400D7EDF534CA74A25E86CE5134B14CB809FC"",1)",
Maax Rubix 60x30x18 (Acrylic / Alcove / LH),"Rubix acrylic alcove bath with integral apron, integral flange, and left-hand drain | Nominal Size: 60"" x 30"" x 18"" | Bathing Well: 49 3/8"" x 21 3/8"" x 15"" (54 gallon capacity); Requires cable-operated waste and overflow (10022491)",White,105815-L-000-001,$921.00,Robinson,0.6,https://maax.com/en/product/rubix-6030_105815,,"=IMAGE(""https://abgprdcdn-maax.azureedge.net/-/media/productassets/maax/105815/images/maax-mx105815-001-2.jpg?h=672&w=800&v=1&d=20171018T223832Z&hash=895F2C69B90F64455264336D8508F550A5BA1195"",1)",
Maax Rubix 60x30x18 (Acrylic / Alcove / RH),"Rubix acrylic alcove bath with integral apron, integral flange, and right-hand drain | Nominal Size: 60"" x 30"" x 18"" | Bathing Well: 49 3/8"" x 21 3/8"" x 15"" (54 gallon capacity); Requires cable-operated waste and overflow (10022491)",White,105815-R-000-001,$921.00,Robinson,0.6,https://maax.com/en/product/rubix-6030_105815,,"=IMAGE(""https://abgprdcdn-maax.azureedge.net/-/media/productassets/maax/105815/images/maax-mx105815-001-2.jpg?h=672&w=800&v=1&d=20171018T223832Z&hash=895F2C69B90F64455264336D8508F550A5BA1195"",1)",
Maax Rubix 60x32x18 (Acrylic / Alcove / LH),"Rubix acrylic alcove bath with integral apron, integral flange
- Left-hand drain
- Nominal Size: 60"" x 32"" x 18""
- Bathing Well: 54 3/4” x 25 3/8” x 16""
- 59 gallon capacity
- Requires cable-operated waste and overflow (10022491)",White,105705-L-000-001,$986.00,Robinson,0.6,https://maax.com/en/product/rubix-6032_105705?v=105705-L-000-001,,"=IMAGE(""https://maax.com/-/media/productassets/maax/105705/images/maax-mx105705-001-2.jpg?h=672&w=800&v=1&d=20171018T222709Z&hash=0723938D960B3F4911D73195D44BEA786F1B7746"",1)",
Maax Rubix 60x32x18 (Acrylic / Alcove / RH),"Rubix acrylic alcove bath with integral apron, integral flange
- Right-hand drain
- Nominal Size: 60"" x 32"" x 18""
- Bathing Well: 54 3/4” x 25 3/8” x 16""
- 59 gallon capacity
- Requires cable-operated waste and overflow (10022491)",White,105705-R-000-001,$986.00,Robinson,0.6,https://maax.com/en/product/rubix-6032_105705?v=105705-R-000-001,,"=IMAGE(""https://maax.com/-/media/productassets/maax/105705/images/maax-mx105705-001-2.jpg?h=672&w=800&v=1&d=20171018T222709Z&hash=0723938D960B3F4911D73195D44BEA786F1B7746"",1)",
Maax Rubix 66x32x18 (Acrylic / Alcove / LH),"Rubix acrylic alcove bath with integral apron, integral flange, and left-hand drain | Nominal Size: 66"" x 32"" x 18"" | Bathing Well: 55 3/8"" x 23 3/8"" x 15"" (64 gallon capacity); Requires cable-operated waste and overflow (10022491)",White,105735-L-000-001,"$1,217.00",Robinson,0.6,https://maax.com/en/product/rubix-6632_105735?v=105735-L-000-001,,"=IMAGE(""https://abgprdcdn-maax.azureedge.net/-/media/productassets/maax/105735/images/maax-mx105735-001-2.jpg?h=672&w=800&v=1&d=20171018T223216Z&hash=8E8DD5A73BB11F22A6C233E09E58F56546E46763"",1)",
Maax Rubix 66x32x18 (Acrylic / Alcove / RH),"Rubix acrylic alcove bath with integral apron, integral flange, and right-hand drain | Nominal Size: 66"" x 32"" x 18"" | Bathing Well: 55 3/8"" x 23 3/8"" x 15"" (64 gallon capacity); Requires cable-operated waste and overflow (10022491)",White,105735-R-000-001,"$1,217.00",Robinson,0.6,https://maax.com/en/product/rubix-6632_105735?v=105735-R-000-001,,"=IMAGE(""https://abgprdcdn-maax.azureedge.net/-/media/productassets/maax/105735/images/maax-mx105735-001-2.jpg?h=672&w=800&v=1&d=20171018T223216Z&hash=8E8DD5A73BB11F22A6C233E09E58F56546E46763"",1)",
Maax Sax 60x32x24 (Acrylic / Freestanding),"Sax acrylic freestanding oval bath with deck space for faucet
- Nominal Size: 60"" x 32"" x 24 7/8""
- Bathing Well: 51 3/8"" x 27 1/4"" x 14 3/4""
- 44 gallon capacity
- Requires F2 drain (10034341)
- Requires positioning template (10032740)",White,105797-000-002,"$1,607.00",Robinson,0.6,https://maax.com/en/product/sax_105797,,"=IMAGE(""https://maax.com/-/media/productassets/maax/105797/images/maax-mx105797-002-2.jpg?h=672&w=800&v=1&d=20180228T192513Z&hash=C763523B26C37DE409DBA4E69DC8436820EA6ECD"",1)",
Maax Villi 65x32x25 (Acrylic / Freestanding / Center),"Villi acrylic freestanding rectangular bath 
- Nominal Size: 65"" x 32"" x 25 3/4""
- Bathing Well: 62"" x 29"" x 15 3/4""
- 96 gallon capacity
- Requires F2 drain (10034341)
- Requires positioning template (10037817)",White,106388-000-001,"$2,937.00",Robinson,0.6,https://maax.com/en/product/villi_106388,,"=IMAGE(""https://maax.com/-/media/productassets/maax/106388/images/maax-mx106388-001-2.jpg?h=168&w=200&v=1&d=20171122T183203Z&hash=031254AAB52C3BCF1AE9D0085356082CC51A74A4"",1)",
MTI Basics 66x32x19 (Acrylic / Drop-in or Undermount),"Basics® acrylic undermount or drop-in rectangular bath 
- Nominal Size: 66"" x 32 1/4"" x 19 1/2""
- Bathing Well: 48"" x 19"" x 16""
- 70 gallon capacity
- Requires lift & trun drain (MBWO)
- Therapy options available",White,MBSCR6632,#N/A,Granite Group,0.625,https://mtibaths.com/products/tubs/basics/MBCR6632/,,"=IMAGE(""https://info.mtibaths.com/product-images/products/MBCR6632_oh_h.jpg"",1)",
MTI New Yorker 72x36x24 (Acrylic / Freestanding),"New Yorker acrylic freestanding oval bath with deck space for faucet installation | Nominal Size: 71 3/4"" x 35 1/2"" x 23 1/4"" | Bathing Well: 48 1/2"" x 22 1/2"" x 16 1/2"" (83 gallon capacity); Requires toe-tap drain (SLOTWH); Therapy options available",White,S225-CWH,"$4,640.00",Granite Group,0.625,https://mtibaths.com/products/tubs/designer/225/,,"=IMAGE(""https://info.mtibaths.com/product-images/products/225_s1_h.jpg"",1)",
MTI Reflections 72x36x22 (Acrylic / Drop-In),"Reflections acrylic drop-in bath with back rest
- Nominal Size:  71 1/4"" x 35 3/4"" x 22 1/4""
- Bathing Well: 44"" x 21"" x 19 1/2""
- 80 gallon capacity
- Requires cable drain (WOCB)
- Requires flange kit for alcove (TFK3)
- Therapy options available",White,S45,"$1,955.00",Granite Group,0.625,https://mtibaths.com/products/tubs/designer/45/,,"=IMAGE(""https://info.mtibaths.com/product-images/products/45_oh_h.jpg"",1)",
Maidstone Paloma Clawfoot 60x30x21 (Cast Iron / Freestanding),"Paloma cast iron clawfoot bath with no faucet drillings | Nominal Size: 61"" x 30"" x 22 1/2"" | Bathing Well: 41 1/4"" x 18"" x 15"" (58 gallon capacity); Requires toe tapper drain (122POP2)",White with white feet,1201DE60-0-2,"$2,450.00",Robinson ,0.6,https://maidstonesupply.com/bathroom/bathtubs/paloma-cast-iron-clawfoot-tub-no-faucet-drilling.html,,"=IMAGE(""https://maidstonesupply.com/pub/media/catalog/product/cache/6b8245bae7647528e2edd9cb5e275de1/1/2/1201de60-0-2_front.jpg"",1)",
Maidstone Royal Clawfoot 66x30x25(Acryllic/Freestanding/CHR Feet) ,"Royal Acryllic Freestanding Bath With No Faucet Holes l Nominal Size: 66-3/4""x30""x25"" l Bathing Well: 49 Gal. (**DRAIN**)",White(Chrome Feet),1202DE66-0-1,,Robinson ,0.6,https://maidstonesupply.com/bathroom/bathtubs/acrylic-clawfoot-bathtubs/royal-acrylic-clawfoot-tub-rim-faucet-drillings-mws-royal-royal.html,,"=IMAGE(""https://maidstonesupply.com/pub/media/catalog/product/cache/6b8245bae7647528e2edd9cb5e275de1/1/2/1202de60-7-1_front.jpg"",1)",
Maidstone Royal Clawfoot 66x30x25 with WHITE FEET (Acryllic / Freestanding) ,"Royal acrylic freestanding oval bath with 7"" rim for faucet
- Nominal Size: 66-3/4"" x 30"" x 25""
- Bathing Well: 40 1/2"" x 17"" x 13""
- 49 gallon capacity
- Adjustable leg levelers
- Requires toe tapper drain (122POP2)",White with white feet,1202DE66-7-2,"$2,025.00",Robinson,0.6,https://maidstonesupply.com/bathroom/bathtubs/acrylic-clawfoot-bathtubs/royal-acrylic-clawfoot-tub-rim-faucet-drillings-mws-royal-royal.htmll,,"=IMAGE(""https://maidstonesupply.com/pub/media/catalog/product/cache/6b8245bae7647528e2edd9cb5e275de1/1/2/1202de60-7-2_front.jpg"",1)",
Maidstone Royal Clawfoot 66x30x25 with BRASS FEET (Acryllic / Freestanding) ,"Royal acrylic freestanding oval bath with 7"" rim for faucet
- Nominal Size: 66-3/4"" x 30"" x 25""
- Bathing Well: 40 1/2"" x 17"" x 13""
- 49 gallon capacity
- Adjustable leg levelers
- Requires toe tapper drain (122POP2)",White with brass feet,1202DE66-7-3,"$2,025.00",Robinson,0.6,https://maidstonesupply.com/bathroom/bathtubs/acrylic-clawfoot-bathtubs/royal-acrylic-clawfoot-tub-rim-faucet-drillings-mws-royal-royal.html,,"=IMAGE(""https://maidstonesupply.com/pub/media/catalog/product/cache/6b8245bae7647528e2edd9cb5e275de1/1/2/1202de60-7-3_front.jpg"",1)",
MAIDSTONE Suffolk  57x28x24 with Gold Feet (Acryllic / Freestanding),"Suffolk acrylic freestanding bath with no faucet holes
- Nominal Size: 57-7/8"" x 28"" x 24-1/2""
- Bathing Well: 32 1/2"" x 14-1/2"" x 13""
- 43 gallon capacity
- Adjustable leg levelers
- Requires toe tapper drain (122POP2)",White with Brass Feet,1202SL57-0-3,"$1,975.00",Robinson,0.6,https://maidstonesupply.com/suffolk-acrylic-clawfoot-slipper-tub-suffolk.html,,"=IMAGE(""https://maidstonesupply.com/pub/media/catalog/product/cache/6b8245bae7647528e2edd9cb5e275de1/1/2/1202sl54-0-3_front_2_1.jpg"",1)",
MAIDSTONE Suffolk  57x28x24 with White Feet (Acryllic / Freestanding),"Suffolk acrylic freestanding bath with no faucet holes
- Nominal Size: 57-7/8"" x 28"" x 24-1/2""
- Bathing Well: 32 1/2"" x 14-1/2"" x 13""
- 43 gallon capacity
- Adjustable leg levelers
- Requires toe tapper drain (122POP2)",White with White Feet,1202SL57-0-2,"$2,025.00",Robinson,0.6,https://maidstonesupply.com/suffolk-acrylic-clawfoot-slipper-tub-suffolk.html,,"=IMAGE(""https://maidstonesupply.com/pub/media/catalog/product/cache/6b8245bae7647528e2edd9cb5e275de1/1/2/1202sl54-0-2_front_2_1.jpg"",1)",
Maidstone Sutton 54x29x25 Clawfoot with Chrome Feet (Acrylic / Freestanding),"Sutton acrylic freestanding clawfoot bath
- Nominal Size: 53 1/4"" x 29"" x 25""
- Bathing Well: 30"" x 14 1/2"" x 13""
- 37 gallon capacity
- Requires toe tapper drain (122POP2)",White with Chrome Feet,1202CL54-0-1,"$1,980.00",Robinson,0.6,https://maidstonesupply.com/bathroom/bathtubs/sutton-acrylic-clawfoot-tub-no-faucet-drilling.html,,"=IMAGE(""https://maidstonesupply.com/pub/media/catalog/product/cache/6b8245bae7647528e2edd9cb5e275de1/1/2/1202cl54-0-1_front.jpg"",1)",
Maidstone Sutton 54x29x25 Clawfoot with Brushed Nickel Feet (Acrylic / Freestanding),"Sutton acrylic freestanding clawfoot bath
- Nominal Size: 53 1/4"" x 29"" x 25""
- Bathing Well: 30"" x 14 1/2"" x 13""
- 37 gallon capacity
- Requires toe tapper drain (122POP2)",White with Brushed Nickel Feet,1202CL54-0-5,"$1,980.00",Robinson,0.6,https://maidstonesupply.com/bathroom/bathtubs/sutton-acrylic-clawfoot-tub-no-faucet-drilling.html,,"=IMAGE(""https://maidstonesupply.com/pub/media/catalog/product/cache/6b8245bae7647528e2edd9cb5e275de1/1/2/1202cl54-0-1_front.jpg"",1)",
Oceania Sublime 66x34x21 (Acrylic / Drop-in),"Sublime acrylic drop-in rectangular bath 
- Nominal Size: 66"" x 34"" x 21""
- Bathing Well: 50 3/4"" x 20 1/8"" x 15""
- 60 gallon capacity
- Requires drain (WOCO14)
- Therapy options available",White,SU6634,"$5,809.00",Robinson,0.65,https://www.oceania-attitude.com/data/baths/deck-mount/sublime/845,,"=IMAGE(""https://www.oceania-attitude.com/products/galleries/display/1d4/c8e/941ab42377fb75fa5ddd54a994/SU_sublime_overview_LR.jpg?size=545x351&mtime=1360092527"",1)",
Sterling Ensemble 60x30x16 (Vikrell / Alcove / LH),"Ensemble™ Vikrell alcove bath with integral apron, integral flange, and left-hand Drain | Nominal Size: 60"" x 30"" x 16"" | Bathing Well: 45"" x 20"" x 11 1/4"" (44 gallon capacity); Drain not included",White,71171110-0,$319.80,Granite Group,0.65,https://www.sterlingplumbing.com/product-detail/71171110?skuid=71171110-0,,"=image(""https://kohler.scene7.com/is/image/Kohler/Category_Template?$PDPcon$&$gradient_src=Kohler%2Forganic-gradient&$shadow_src=Kohler%2FBlank&$Badge1_src=Kohler%2FBlank&$Badge4_src=Kohler%2FBlank&$Badge3_src=Kohler%2FBlank&$Badge2_src=Kohler%2FBlank&$product_src=is{Kohler%2Fzac32952_rgb}"",1)",
Sterling Ensemble 60x30x16 (Vikrell / Alcove / RH),"Ensemble™ Vikrell alcove bath with integral apron, integral flange, and right-hand Drain | Nominal Size: 60"" x 30"" x 16"" | Bathing Well: 45"" x 20"" x 11 1/4"" (44 gallon capacity); Drain not included",White,71171120-0,$319.80,Granite Group,0.65,https://www.sterlingplumbing.com/product-detail/71171120?skuid=71171120-0,,"=image(""https://kohler.scene7.com/is/image/Kohler/Category_Template?$PDPcon$&$gradient_src=Kohler%2Forganic-gradient&$shadow_src=Kohler%2FBlank&$Badge1_src=Kohler%2FBlank&$Badge4_src=Kohler%2FBlank&$Badge3_src=Kohler%2FBlank&$Badge2_src=Kohler%2FBlank&$product_src=is{Kohler%2Fzac32955_rgb}"",1)",
Sterling Ensemble 60x32x18 (Vikrell / Alcove / LH),"Ensemble™ Vikrell alcove bath with integral apron, integral flange
- Left-hand Drain
- Nominal Size: 60"" x 32"" x 18""
- Bathing Well: 42"" x 20"" x 13 3/4""
- 55 gallon capacity
- Drain not included",White,71121110-0,$444.90,Granite Group,0.65,https://www.sterlingplumbing.com/product-detail/71121110?skuid=71121110-0,,"=IMAGE(""https://kohler.scene7.com/is/image/Kohler/Category_Template?$PDPcon$&$gradient_src=Kohler%2Forganic-gradient&$shadow_src=Kohler%2FBlank&$Badge1_src=Kohler%2FBlank&$Badge4_src=Kohler%2FBlank&$Badge3_src=Kohler%2FBlank&$Badge2_src=Kohler%2FBlank&$product_src=is{Kohler%2Fzac32944_rgb}"",1)",
Sterling Ensemble 60x32x18 (Vikrell / Alcove / RH),"Ensemble™ Vikrell alcove bath with integral apron, integral flange
- Right-hand Drain
- Nominal Size: 60"" x 32"" x 18""
- Bathing Well: 42"" x 20"" x 13 3/4""
- 55 gallon capacity
- Drain not included",White,71121120-0,$444.90,Granite Group,0.65,https://www.sterlingplumbing.com/product-detail/71121120?skuid=71121120-0,,"=image(""https://kohler.scene7.com/is/image/Kohler/Category_Template?$PDPcon$&$gradient_src=Kohler%2Forganic-gradient&$shadow_src=Kohler%2FBlank&$Badge1_src=Kohler%2FBlank&$Badge4_src=Kohler%2FBlank&$Badge3_src=Kohler%2FBlank&$Badge2_src=Kohler%2FBlank&$product_src=is{Kohler%2Fzac32948_rgb}"",1)",
Sterling Ensemble 60x36x16 (Vikrell / Alcove / LH),"Ensemble™ Vikrell alcove bath with integral apron, integral flange, and left-hand Drain | Nominal Size: 60"" x 36"" x 16"" | Bathing Well: 40"" x 21"" x 11"" (40 gallon capacity); Drain not included",White,"71101110-0
",$629.55,Granite Group,0.65,https://www.sterlingplumbing.com/product-detail/71101110?skuid=71101110-0,,"=IMAGE(""https://kohler.scene7.com/is/image/Kohler/Category_Template?$PDPcon$&$gradient_src=Kohler%2Forganic-gradient&$shadow_src=Kohler%2FBlank&$Badge1_src=Kohler%2FBlank&$Badge4_src=Kohler%2FBlank&$Badge3_src=Kohler%2FBlank&$Badge2_src=Kohler%2FBlank&$product_src=is{Kohler%2Fzac51282_rgb}"",1)",
Sterling Ensemble 60x36x16 (Vikrell / Alcove / RH),"Ensemble™ Vikrell alcove bath with integral apron, integral flange, and right-hand Drain | Nominal Size: 60"" x 36"" x 16"" | Bathing Well: 40"" x 21"" x 11"" (40 gallon capacity); Drain not included",White,"71101120-0
",$629.55,Granite Group,0.65,https://www.sterlingplumbing.com/product-detail/71101120?skuid=71101120-0,,"=IMAGE(""https://kohler.scene7.com/is/image/Kohler/Category_Template?$PDPcon$&$gradient_src=Kohler%2Forganic-gradient&$shadow_src=Kohler%2FBlank&$Badge1_src=Kohler%2FBlank&$Badge4_src=Kohler%2FBlank&$Badge3_src=Kohler%2FBlank&$Badge2_src=Kohler%2FBlank&$product_src=is{Kohler%2Fzac53168_rgb}"",1)",
Sterling Ensemble 60x32x18 Tub & Wall Set (Vikrell / Alcove / LH),"Ensemble™ Vikrell aclove bath & wall set with left-hand drain
- Nominal Size: 60"" x 32"" x 18"" / 54"" walls
- Bathing Well: 42"" x 20"" x 13 3/4""
- 55 gallon capacity
- Drain not included",White,"71220110-0",$919.25,Granite Group,0.65,https://www.sterlingplumbing.com/product-detail/71220110?skuid=71220110-0,,"=IMAGE(""https://kohler.scene7.com/is/image/Kohler/Category_Template?$PDPcon$&$gradient_src=Kohler%2Forganic-gradient&$shadow_src=Kohler%2FBlank&$Badge1_src=Kohler%2FBlank&$Badge4_src=Kohler%2FBlank&$Badge3_src=Kohler%2FBlank&$Badge2_src=Kohler%2FBlank&$product_src=is{Kohler%2Fzab53689_rgb}"",1)",
Sterling Ensemble 60x32x18 Tub & Wall Set (Vikrell / Alcove / RH),"Ensemble™ Vikrell aclove bath & wall set with right-hand drain
- Nominal Size: 60"" x 32"" x 18"" / 54"" walls
- Bathing Well: 42"" x 20"" x 13 3/4""
- 55 gallon capacity
- Drain not included",White,"71220120-0
",$919.25,Granite Group,0.65,https://www.sterlingplumbing.com/product-detail/71220120?skuid=71220120-0,,"=IMAGE(""https://kohler.scene7.com/is/image/Kohler/Category_Template?$PDPcon$&$gradient_src=Kohler%2Forganic-gradient&$shadow_src=Kohler%2FBlank&$Badge1_src=Kohler%2FBlank&$Badge4_src=Kohler%2FBlank&$Badge3_src=Kohler%2FBlank&$Badge2_src=Kohler%2FBlank&$product_src=is{Kohler%2Fzac39119_rgb}"",1)",
Sterling Ensemble 60x32x18 Tub & Wall Set WITH BACKERS (Vikrell / Alcove / LH),"Ensemble™ Vikrell aclove bath & wall set with age-in-place backerboards and left-hand drain | Nominal Size: 60"" x 32"" x 18"" (54"" wall height) | Bathing Well: 42"" x 20"" x 13 3/4"" (55 gallon capacity); Drain not included",White,71220116-0,$960.00,Granite Group,0.65,https://www.sterlingplumbing.com/product-detail/71220116?skuid=71220116-0,,"=IMAGE(""https://kohler.scene7.com/is/image/Kohler/Category_Template?$PDPcon$&$gradient_src=Kohler%2Forganic-gradient&$shadow_src=Kohler%2FBlank&$Badge1_src=Kohler%2FBlank&$Badge4_src=Kohler%2FBlank&$Badge3_src=Kohler%2FBlank&$Badge2_src=Kohler%2FBlank&$product_src=is{Kohler%2Fzab53689_rgb}"",1)",
Sterling Ensemble 60x32x18 Tub & Wall Set WITH BACKERS (Vikrell / Alcove / RH),"Ensemble™ Vikrell aclove bath & wall set with age-in-place backerboards and right-hand drain | Nominal Size: 60"" x 32"" x 18"" (54"" wall height) | Bathing Well: 42"" x 20"" x 13 3/4"" (55 gallon capacity); Drain not included",White,71220126-0,$960.00,Granite Group,0.65,https://www.sterlingplumbing.com/product-detail/71220126?skuid=71220126-0,,"=IMAGE(""https://kohler.scene7.com/is/image/Kohler/Category_Template?$PDPcon$&$gradient_src=Kohler%2Forganic-gradient&$shadow_src=Kohler%2FBlank&$Badge1_src=Kohler%2FBlank&$Badge4_src=Kohler%2FBlank&$Badge3_src=Kohler%2FBlank&$Badge2_src=Kohler%2FBlank&$product_src=is{Kohler%2Fzac39119_rgb}"",1)",
Sterling Spectacle 60x32x23 (Acrylic / Freestanding),"Spectacle™ acrylic  oval freestanding bath with overflow and deck space for faucet installation
- Nominal Size: 60 1/4"" x 32 1/4"" x 23""
- Bathing Well: 39 3/16"" x 20 1/4"" x 17 1/4""
- 65 gallon capacity)
- Toe-tap drain included (Chrome only)",White,95333-0,"$1,735.00",Granite Group,0.65,https://www.sterlingplumbing.com/product-detail/95333?skuid=95333-0,,"=IMAGE(""https://s7d4.scene7.com/is/image/Kohler/Category_Template?$GridView$&$gradient_src=Kohler%2Forganic%2Dgradient&$shadow_src=Kohler%2FBlank&$Badge1_src=Kohler%2F2New&$Badge4_src=Kohler%2FBlank&$Badge3_src=Kohler%2FBlank&$Badge2_src=Kohler%2FBlank&$product_src=is{Kohler%2Fzac77632_rgb}"",1)",
Sterling Spectacle 66x34x23 (Acrylic / Freestanding) ,"Spectacle™ acrylic  oval freestanding bath with overflow and deck space for faucet installation
- Nominal Size: 65 3/4"" x 34 1/4"" x 23 3/16""""
- Bathing Well: 45 1/4"" x  22 1/2""
- 79 gallon capacity)
- Toe-tap drain included (Chrome only)",White,95334-0,"$1,925.00",Granite Group,0.65,https://www.sterlingplumbing.com/product-detail/95334?skuid=95334-0,,"=IMAGE(""https://kohler.scene7.com/is/image/Kohler/Category_Template?$PDPcon$&$gradient_src=Kohler%2Forganic-gradient&$shadow_src=Kohler%2FBlank&$Badge1_src=Kohler%2FBlank&$Badge4_src=Kohler%2FBlank&$Badge3_src=Kohler%2FBlank&$Badge2_src=Kohler%2FBlank&$product_src=is{Kohler%2Fzac77638_rgb}"",1)",
Sterling Unwind 59x30x22 (Acrylic / Freestanding),"Unwind™ acrylic oval freestanding bath with overflow
- Nominal Size: 59 1/16"" x 29 1/2"" x 22 7/8""
- Bathing Well: 37 1/8"" x 15 5/16"" x 14 11/16""
- 46.87 gallon capacity
- Toe-tap drain included (Chrome only)",White,96129-0,"$1,909.00",Granite Group,0.65,https://www.sterlingplumbing.com/product-detail/96129?skuid=96129-0,,"=IMAGE(""https://kohler.scene7.com/is/image/Kohler/Category_Template?$PDPcon$&$gradient_src=Kohler%2Forganic-gradient&$shadow_src=Kohler%2FBlank&$Badge1_src=Kohler%2F2New&$Badge4_src=Kohler%2FBlank&$Badge3_src=Kohler%2FBlank&$Badge2_src=Kohler%2FBlank&$product_src=is{Kohler%2Fzac81694_rgb}"",1)",
Victoria Albert Pescadero 67x32x26 (Englishcast / Freestanding / LH),"Pescadero Englishcast™ cast Volcanic Limestone™ freestanding bath with rear overflow| Nominal Size: 66 1/4"" x 31 3/8"" x 25 3/4"" | Bathing Well: 52 3/8"" x 23 1/4"" x 14 1/4"" (66 3/4 gallon capacity); Requires dual option drain (K-50-XX)",White,PES-N-LH-SW-OF,"$5,598.00",Robinson,0.58,https://vandabaths.com/us/americas/product/pescadero-7/,,"=image(SUBSTITUTE(""https://drive.google.com/open?id=1WymcZDqw8NU7Mj6Uh950Ix8Yq3MQjdkz"",""https://drive.google.com/open?id="",""https://docs.google.com/uc?export=download&id=""),1)",
Victoria Albert Pescadero 67x32x26 (Englishcast / Freestanding / RH),"Pescadero Englishcast™ cast Volcanic Limestone™ freestanding bath with rear overflow| Nominal Size: 66 1/4"" x 31 3/8"" x 25 3/4"" | Bathing Well: 52 3/8"" x 23 1/4"" x 14 1/4"" (66 3/4 gallon capacity); Requires dual option drain (K-50-XX)",White,PES-N-RH-SW-OF,"$5,598.00",Robinson,0.58,https://vandabaths.com/us/americas/product/pescadero-7/,,"=image(SUBSTITUTE(""https://drive.google.com/open?id=1PF9sLj3q4YehLWtMyl93NOvx2SY-G3h6"",""https://drive.google.com/open?id="",""https://docs.google.com/uc?export=download&id=""),1)",
